ID,RiskScore
0,33.83482373855459
1,54.48315497278088
2,29.626562648356874
3,35.29409421989966
4,32.48018574428431
5,69.88473085929382
6,30.25496389424349
7,31.60735515910014
8,40.215029715119634
9,65.22656177824084
10,32.44824272085372
11,29.182486181064743
12,64.8728366744205
13,34.479254128315844
14,33.09472360440505
15,60.395029472927355
16,19.75442935844672
17,34.332160808040356
18,65.17971150644712
19,66.6528855829699
20,73.8665964679628
21,32.13880257259676
22,70.10124719214144
23,43.432750868623586
24,47.0710961236845
25,25.071872130120912
26,30.071120996322886
27,27.579837476373804
28,53.19846775480923
29,59.698447448305224
30,28.7258330352439
31,66.67600633461616
32,31.206620801523
33,30.409845982326914
34,41.1837125902202
35,38.18903712214906
36,67.729446863551
37,55.841111854606226
38,52.33152123544082
39,72.9191117056636
40,71.86788084119445
41,44.53922503233238
42,80.96472275927222
43,21.008863391824942
44,53.96665359031702
45,30.78796194214328
46,33.28549367031242
47,68.64001062642534
48,28.418654020201675
49,39.21673359732703
50,66.94615817427236
51,57.17879031962504
52,44.30284904438018
53,24.837728087796034
54,31.621456339895715
55,37.55868803741465
56,70.64788776407848
57,35.22567753573662
58,39.02054312343224
59,62.754887418059305
60,63.85098064468753
61,47.9469220744057
62,32.10597021893625
63,87.76144778000727
64,26.98726093549655
65,33.54730019358315
66,58.839340432204736
67,63.53187234550512
68,37.470873127261605
69,68.08439049089954
70,32.46217697462312
71,42.09520653723836
72,50.44209512259416
73,51.19766186120385
74,47.76363149448749
75,67.71328519484665
76,68.34686147642324
77,23.121298056051863
78,49.88520740350516
79,60.78108217098357
80,70.9365171576619
81,51.27334402416074
82,59.73584274633426
83,33.947019462434795
84,70.639776714433
85,74.43199728907786
86,61.97636645009964
87,23.966812392476964
88,37.15944693681106
89,69.66091902278929
90,35.237857449911296
91,45.03170262055829
92,38.82006144948146
93,30.862753515988246
94,40.9307109774406
95,38.68511890129514
96,34.85868297264628
97,70.24661174830732
98,39.313965894782505
99,65.00687961248623
100,32.01174718291995
101,34.053083869871124
102,69.90881870221297
103,76.78928090100521
104,32.18447310811381
105,82.49316601996787
106,75.5788792297372
107,70.2470061223082
108,38.21786520427292
109,71.11455701413111
110,52.98904852168737
111,69.25882603800352
112,76.82594069662224
113,61.03725054403512
114,69.20227800977607
115,30.431884538513675
116,70.83068618105179
117,52.707167753649124
118,40.38748054859383
119,45.167740067941885
120,22.085680288167286
121,74.25910752332649
122,33.533096923916204
123,50.64582011931546
124,33.02315986727288
125,57.99988339989568
126,19.527751371266334
127,27.598478671782516
128,34.403069796193414
129,64.81974058760193
130,30.195874481146724
131,71.33721579779676
132,72.00714139249581
133,78.01753349184791
134,22.355367287139227
135,36.56475932960733
136,20.570958683638327
137,43.28374076594473
138,29.742448767860107
139,51.393471309832755
140,40.79254303269665
141,40.01117664309456
142,27.303318017023862
143,26.736876386947156
144,64.67072115504392
145,31.436415172962484
146,46.79341513291229
147,61.909346318024824
148,67.09729128471902
149,68.90888610153482
150,43.75518709398516
151,32.18355447119062
152,76.77942983897803
153,48.56262776707311
154,63.92360075090773
155,30.063078875264296
156,69.67296181546355
157,64.06246773047909
158,69.80375770319365
159,72.22901512831926
160,34.91494764768355
161,36.261997388629254
162,70.75817853710127
163,37.83654176378359
164,39.270998786301305
165,51.07033822740988
166,38.269512994841
167,34.92049594367727
168,36.835644279438455
169,29.16481579891775
170,38.26182451506026
171,49.96199501116447
172,68.17456190484968
173,47.30403606749116
174,31.50774770714215
175,60.12331006865192
176,49.532050140805865
177,42.31706918826131
178,30.06706968095104
179,72.19126379710265
180,46.81456474502212
181,30.42820247119978
182,59.86093186401778
183,68.99314037127661
184,74.52603034687596
185,65.72705134068426
186,72.84454654572441
187,56.80172121661557
188,34.06240190021916
189,27.180629076097976
190,31.442495811912917
191,72.06457952203803
192,54.35869356362682
193,28.93713593340841
194,70.32838443838207
195,25.44103811307231
196,34.02146863491083
197,56.597771714957155
198,64.23289806924741
199,34.89621070317625
200,29.512258631183865
201,53.95051987780297
202,34.79057243684743
203,34.343051230134535
204,71.684801452406
205,59.67680578942722
206,70.31695047657607
207,37.7317718538029
208,49.53657068563423
209,61.33055043582391
210,30.009356625944125
211,30.278987651269798
212,75.06509836067815
213,65.0889832330567
214,41.9146759885247
215,56.071249681333946
216,62.95797910523766
217,63.543664285464814
218,47.07447961878944
219,31.245314165787665
220,31.860892164994166
221,33.836332486354195
222,28.373742606702564
223,54.03231773811869
224,30.033671682503016
225,65.03359198880099
226,61.140044516661284
227,37.42434134625253
228,39.747754502134654
229,39.61234812266521
230,49.42419013826635
231,48.35586744782271
232,34.734946459106624
233,48.68892038019536
234,76.10269167756186
235,63.04725711941684
236,29.991275930896897
237,46.65311406145897
238,67.42274407255073
239,30.981949823684054
240,67.07277097428972
241,70.96495830797448
242,42.26264263123036
243,66.69262829514676
244,68.31441794668355
245,67.40696910780956
246,21.819688794576376
247,44.94218899420499
248,76.50095819056
249,21.441533979584293
250,67.35802119243588
251,33.93266323844005
252,36.04332484384223
253,50.89174407055392
254,50.48628558515898
255,29.784387207875866
256,54.25021796122951
257,73.31705996576306
258,65.72006935029302
259,31.803987774390567
260,45.61276956920435
261,46.09862727030874
262,28.851844649116774
263,76.7540594116659
264,66.0547862063753
265,28.125135445782778
266,44.67160663207967
267,29.911775198916427
268,66.5712127454991
269,75.5739094414092
270,53.85066398915164
271,75.50047240168067
272,32.54358047015259
273,44.11856206583409
274,29.90281254833405
275,49.80451722674457
276,63.98267746359001
277,35.05205362432457
278,59.431862621354774
279,30.0798485731195
280,62.533875949145745
281,61.94828373760899
282,52.6026955437613
283,53.28700174240524
284,33.65650493628107
285,33.34955065565457
286,31.270512349674743
287,72.38326290806735
288,49.89688563230367
289,35.76321004057556
290,49.47296452764365
291,39.71862355299079
292,55.21123826165533
293,72.19775080745552
294,34.15006356341815
295,70.19780158241268
296,74.59135669893942
297,29.95590322294419
298,38.819217570193345
299,71.34362458203834
300,47.539312923287376
301,77.01849263239362
302,54.166915440593876
303,34.9114351277661
304,60.04552292151389
305,31.30723696811798
306,35.305723828315244
307,69.1247640330933
308,52.766431099737524
309,30.024136462312775
310,71.0499580857685
311,53.00795379156564
312,45.50034413994619
313,46.48346903270408
314,69.73142492408398
315,73.10419586833703
316,36.61517577539353
317,33.84706052567951
318,58.59333730809013
319,30.509405722361695
320,27.997094792030015
321,36.38102226730272
322,72.07407753909632
323,63.04797810782746
324,91.52245662411813
325,36.3880035022479
326,69.6024693556541
327,33.205435959161235
328,46.61720395233935
329,30.541397907085287
330,37.350218568718425
331,78.63390878638069
332,21.53451666914798
333,70.09730606650018
334,58.71938885394235
335,61.396944546397386
336,60.799634489886024
337,23.873461355897398
338,33.859223719937276
339,42.46386190787476
340,70.30352218748742
341,75.18671760098243
342,70.79413219592075
343,64.04025740513316
344,33.19639291770149
345,34.9862869453504
346,37.53012881381679
347,40.03484970744023
348,40.4661970669698
349,24.210294901671144
350,48.186904806200744
351,33.41556997005156
352,54.20665379943071
353,21.752729184283112
354,22.034860927842644
355,31.09368078330125
356,26.764924245945295
357,25.5474987387245
358,33.29494217108835
359,68.59906199880686
360,34.09690623339969
361,27.396917609179614
362,33.77915199363653
363,66.34146056541317
364,53.57835388610745
365,48.79945060400626
366,53.2662398808798
367,29.00313192525044
368,60.36608526185383
369,55.68834170183831
370,36.53716633495365
371,27.662736876652207
372,33.15499933682966
373,71.18272976691627
374,51.63391439110275
375,36.77588195573835
376,24.73208524104222
377,63.74829805035858
378,47.4958445807328
379,66.24290682250563
380,34.20113635896744
381,29.860532373632065
382,61.62349473091126
383,67.9207630495482
384,40.36554796929438
385,63.26485312115187
386,28.536313038248135
387,35.513903915850314
388,55.027818171809805
389,31.638777202271104
390,71.31039472451772
391,68.02268561971927
392,66.00142227844377
393,38.31745679887508
394,76.21894529317039
395,71.02148666250302
396,34.15944819536986
397,24.622290161083512
398,69.96922482639916
399,33.99154106290654
400,45.519916990178984
401,69.96654284777014
402,28.637264495055746
403,67.23130420811833
404,70.34949068685238
405,53.92513586736174
406,30.954196364553095
407,63.392398030889
408,42.12295618405471
409,31.888231802728587
410,36.14434783860675
411,38.997159014464046
412,32.82203544417517
413,39.77902684592765
414,61.684893686181674
415,50.183658922328256
416,41.78531658952943
417,39.5930328311791
418,27.582068924845718
419,41.944891003878055
420,22.797768129946217
421,41.15746364787087
422,32.55990671235556
423,55.33474285281063
424,24.695795532371015
425,48.73352962176504
426,30.800859919278025
427,32.815281443631605
428,53.663319782640144
429,33.29215345188012
430,61.90087826242716
431,31.89263709565876
432,70.75721095947662
433,61.7461566222706
434,70.54716966664117
435,56.51872058992815
436,28.825572876083164
437,71.67729937878727
438,43.48411303250664
439,47.53128108726227
440,71.95739586824917
441,29.419551694029085
442,69.8537621749055
443,66.06965172754393
444,67.08957411995002
445,67.61918644865915
446,71.58359029370573
447,53.182498677545084
448,56.81952537655844
449,71.91707584825377
450,65.46667306179484
451,74.97540147981053
452,27.262084252550146
453,55.92494097876742
454,57.70382144861817
455,49.95120438093468
456,45.82000331302089
457,54.35138957412372
458,40.12177368529972
459,55.62642039616954
460,35.22103891879999
461,36.76092963518733
462,28.821589520616822
463,47.56600268379396
464,24.226098567183357
465,56.93242886947596
466,24.018515185605448
467,61.34287568282549
468,40.57491004021754
469,71.39376574963609
470,56.55895222907915
471,67.91158000702589
472,34.89072203223845
473,35.04956923616698
474,28.452365630314546
475,70.36590453826972
476,25.487120558534762
477,72.05873697848455
478,32.195538958995094
479,58.860489491337184
480,58.382143368101616
481,42.898023364912376
482,69.22219686958314
483,39.97592126448907
484,37.404300022271656
485,60.52620255013174
486,68.21878253508268
487,34.20177009545767
488,73.54220898769587
489,28.222668048107575
490,70.24438436105434
491,38.173097691118755
492,66.57025844961784
493,30.9455048286345
494,69.72616466242361
495,36.734112034923406
496,80.2693249666698
497,69.87744650269259
498,37.81158845359914
499,32.66241496679507
500,59.38306943649697
501,45.415991291088986
502,72.80085739093482
503,29.778440747463648
504,42.5706140981364
505,50.60290549219803
506,41.38626807848797
507,70.56846545340449
508,27.949322402090708
509,79.1592245969658
510,36.809020680920966
511,62.073756387665995
512,29.754716859590616
513,81.71626412458146
514,64.73771462781225
515,37.413634455003034
516,43.99733644617854
517,46.503099139375855
518,41.70549365328835
519,47.319742692492206
520,69.4693804163401
521,70.58947538089869
522,71.83805347542504
523,27.69177071802723
524,34.76724172094652
525,68.18397988296203
526,42.374672955932915
527,53.66002116158469
528,23.937521623166504
529,38.78563664782331
530,31.235930684646455
531,28.588433620244214
532,37.722357518436226
533,57.97978055520397
534,54.990609157159355
535,28.97677679047793
536,56.950115405836236
537,76.20997651256613
538,68.62608574856978
539,72.71253771974872
540,67.16834417975636
541,39.40992074643513
542,77.43574256086778
543,45.752948380568036
544,62.563912975910114
545,73.37992716774984
546,71.74344562436244
547,66.63403898088822
548,63.79850246396198
549,53.964856821736696
550,40.79385578779397
551,29.741050739648134
552,54.84465292884019
553,29.733907239867587
554,75.18650080972584
555,46.489632527026615
556,37.79012031902812
557,33.32320082733851
558,70.54406055408009
559,43.71819965968347
560,33.85685949639309
561,67.6170105087163
562,72.53928031747314
563,67.53131413146512
564,29.45574072011745
565,76.09733409731078
566,61.66146332522447
567,45.97371312768145
568,60.01668600396708
569,35.551353598346005
570,72.20520416040246
571,28.77213761190846
572,69.65960754269035
573,55.18688786066911
574,46.26465402778325
575,37.647615366879165
576,41.560542278072106
577,25.420327997032004
578,58.19908130755204
579,28.485233546754937
580,28.584669176133637
581,32.87718280039565
582,73.58104159631958
583,42.65369881018947
584,36.98308847175688
585,30.571016632778672
586,72.05217122743996
587,44.00438748924565
588,47.458819453792536
589,32.29183421060556
590,68.34345612323182
591,43.65867654846434
592,77.65811898338592
593,58.664539725249554
594,64.5960906410479
595,31.270580724515387
596,66.8964400361692
597,40.87342724485902
598,46.325999471051816
599,55.55834944031195
600,33.420555851596305
601,69.64355472608484
602,60.83199570055692
603,69.75371337315593
604,65.59212438924268
605,35.0982475056303
606,36.840790850587176
607,64.73130837987824
608,32.387141825343214
609,29.03835071063295
610,63.76880916298242
611,46.5222095913266
612,35.05797683622773
613,38.21099478903339
614,33.43651141689919
615,39.93154321743163
616,33.57799595166527
617,27.92238698527384
618,55.630311904736494
619,34.47776879409981
620,34.3985236816614
621,56.70634839163348
622,67.20036249117815
623,63.09300833605791
624,34.71458288404191
625,79.145067358201
626,48.55160288638082
627,67.55357457031673
628,79.88634932800963
629,33.11864827040084
630,35.95147289985841
631,36.53426451965414
632,71.1783242264419
633,41.4394826288512
634,33.08335789369042
635,40.86160413797613
636,32.410482141824424
637,70.24667758827665
638,28.75019248420675
639,75.73979471760408
640,68.19551508957655
641,43.88909066448268
642,37.12171104201487
643,68.02038223074035
644,59.28208713388139
645,29.378838724221524
646,70.78380283606724
647,62.87117902565911
648,50.60630270853724
649,80.63315244081872
650,30.38971206938579
651,31.372802846973755
652,20.968943849160713
653,35.63413096422445
654,29.435367150496997
655,41.406074736664955
656,28.052631358141703
657,77.49523690166066
658,35.94683451108837
659,40.97195097747215
660,41.32399114129235
661,22.030534520417035
662,28.51954256537018
663,33.80528591264208
664,40.47464158567835
665,73.1995929809749
666,25.56785903164651
667,40.06875409740986
668,64.52357448631918
669,35.26653016080861
670,32.4461240666061
671,29.946698302655495
672,17.439191808162747
673,36.99255714551444
674,35.016810808269696
675,70.5850180352035
676,49.114411999963885
677,33.107273996265775
678,35.76364213538968
679,77.00971266424924
680,66.33529629218992
681,42.775420474734204
682,36.089251606355724
683,54.090688465762085
684,30.02993354562889
685,49.79597795695196
686,69.42202440703372
687,32.83959837752347
688,78.21188980750578
689,60.25822782993453
690,35.469996032824085
691,60.75377825889328
692,66.40842512818875
693,33.92042221709353
694,27.342336779034454
695,69.02028304814336
696,52.06874423757051
697,72.87895667046043
698,75.5184686329744
699,32.77756572305869
700,56.97279193940626
701,40.390748881091795
702,27.5100734737717
703,34.78355621304899
704,32.31400918065229
705,27.213540066680167
706,42.88302874758869
707,69.62730327630925
708,57.81844215071165
709,45.978376544009
710,62.07802834249465
711,58.29008558159021
712,29.914113080200003
713,71.19643369469884
714,68.64309693258596
715,23.337287464907
716,30.173442262746317
717,65.21055698380664
718,36.96730492279572
719,45.10920205970145
720,64.32984303773488
721,68.90042928586789
722,32.02520726913411
723,29.656523308358732
724,61.87969606859862
725,44.15041821484118
726,31.42797039051635
727,58.52433422704424
728,75.49286824906885
729,30.9745378331926
730,30.267056817048278
731,46.687646683767866
732,29.198992067988396
733,42.700188209750344
734,44.237525400182676
735,27.55375092459583
736,66.94835424795392
737,43.86816956336814
738,40.62763886011181
739,26.35798191067873
740,31.194026515764058
741,66.5884936803687
742,53.092185828995795
743,37.55429725648728
744,31.67269371359622
745,50.31473273966924
746,58.756095221500345
747,60.75979119372711
748,34.341137800409015
749,42.57630683210024
750,72.5289238863129
751,43.623865438735976
752,87.16885592882011
753,42.09312839908841
754,36.03389055222206
755,45.7767005953635
756,20.691443492719763
757,71.72003627401187
758,68.38241660447707
759,54.0352853180713
760,30.356906293147762
761,44.24215626166197
762,41.673672407376294
763,37.14122710458899
764,73.0008508228634
765,69.04261695137785
766,29.31501643667226
767,94.22566453578017
768,33.874191715197675
769,40.58570286655147
770,30.712277073249982
771,74.10411786892078
772,66.41238547320039
773,27.320191210591425
774,30.549061696613833
775,40.45566289778928
776,39.572160841526305
777,30.247211680282078
778,32.16214113362993
779,36.13435040750784
780,44.780724818890135
781,46.364664255266696
782,74.245302519887
783,73.89113725004862
784,37.42665227723333
785,25.71418633491486
786,51.78563571716774
787,71.1033161661809
788,66.78361358530327
789,43.90030703190625
790,67.10051962169331
791,31.54309113847834
792,29.96331012597368
793,34.08525496946776
794,73.04103863766902
795,39.54741907633182
796,48.1326776504593
797,33.40664467396258
798,71.78669815098439
799,72.63926512070036
800,65.51184325090118
801,50.43971327293842
802,23.08368442339653
803,52.68833208850509
804,73.56933270898384
805,66.65531123499876
806,63.98334900205167
807,56.18337722311311
808,67.26717963182006
809,49.7576896374237
810,74.98331763997453
811,49.631125308570866
812,30.450524575260708
813,73.16011471594214
814,49.709794860048746
815,77.27852709738829
816,25.34619186813059
817,49.4333453374182
818,69.72804969549043
819,33.83541015050506
820,38.71399099731933
821,50.19557279513786
822,45.73414018319972
823,63.16703862164458
824,72.4319440713916
825,84.96001397229618
826,55.52398405860484
827,42.48023822743062
828,29.18672262167857
829,40.38237897942624
830,32.69374994043762
831,68.98530545187887
832,44.316170579579435
833,48.45104239765668
834,32.03497193550619
835,63.44179144108663
836,29.553985763023906
837,32.41237091364634
838,32.20519638812267
839,53.296780568556635
840,71.13448019927183
841,71.13786367118298
842,56.34910532904578
843,51.80181183138975
844,87.67138333536174
845,37.136216331655
846,46.15898056028879
847,33.3139519406168
848,69.53019159452776
849,40.75925516234114
850,26.245870658181516
851,57.86872043302209
852,50.546180027693325
853,31.537517237667807
854,32.87750571864787
855,31.434091338328166
856,60.664024829154464
857,28.97453337170898
858,33.582890373443746
859,66.64786057562226
860,34.61276249043962
861,40.63944140252504
862,51.80712584466044
863,29.36644173761916
864,30.385390203293284
865,46.80684328892399
866,78.51881866456588
867,31.782869326635133
868,42.68204399524881
869,64.84091359631046
870,26.834688836014738
871,29.421103576107015
872,59.51209737355113
873,49.02229607157422
874,17.138430288507003
875,67.9240591269021
876,27.52861058076552
877,35.29411690463956
878,43.11801250853626
879,20.59406076734412
880,30.475946466529432
881,31.682409207923204
882,74.69307034980226
883,33.926756882027505
884,50.842217646627034
885,30.035707281919688
886,56.03588983967637
887,56.797782498654435
888,76.44422566467424
889,59.391071766359914
890,35.05784219294985
891,27.254040329657073
892,72.85486372147363
893,29.178727353359253
894,37.306963491262216
895,19.28328671497458
896,52.20618475666442
897,45.20678387544343
898,42.97263367262326
899,70.83391615802212
900,26.482617753312336
901,69.5326140606243
902,78.08682539309036
903,73.72938614202805
904,54.700284780167564
905,79.5028621569264
906,46.70869693698842
907,70.10342507664713
908,51.41912606312485
909,52.307066766196
910,50.51847614484935
911,71.41703277811203
912,74.38097470875505
913,68.39788261999897
914,32.07529022679972
915,42.27968123770603
916,58.87562335777764
917,51.088001196318515
918,26.96666561501714
919,36.09174256753961
920,24.414788440907582
921,32.41963396229154
922,50.482430357473646
923,36.743040856613966
924,67.63145168403642
925,84.55955951991436
926,55.06902571860173
927,37.804599980599484
928,36.82342137775122
929,31.424332234448546
930,35.43902816693912
931,32.95553384686704
932,29.828118154019517
933,55.07251765844651
934,29.9081865251961
935,48.17424790282398
936,66.8019024075044
937,19.851638734180263
938,68.1476835420636
939,56.56360489649848
940,62.531770264109035
941,44.90589116466943
942,45.525449398361566
943,61.742012550711436
944,27.765798717942985
945,67.64464994813802
946,35.01646992434975
947,59.73949156886455
948,54.11523728318683
949,47.64258169225454
950,25.53341426135394
951,48.58749188878855
952,52.51138665583212
953,53.69451875316028
954,41.81589816946098
955,90.85982464435874
956,61.241004831346814
957,42.56043015274525
958,48.33175305369647
959,30.157575021451436
960,34.77838796819601
961,45.555925504193226
962,31.845846941206155
963,70.17181183604399
964,51.563788692404174
965,36.40918328392786
966,32.695772158839546
967,69.58980832360776
968,29.91389595322383
969,27.311396912245012
970,63.81150357128905
971,35.68874036139728
972,29.673121662300552
973,38.5629972430314
974,39.50382457942003
975,34.452845292761914
976,57.68009960123766
977,70.60923530196011
978,68.30986584849829
979,24.769935674423355
980,49.868435361786375
981,35.638732132486375
982,66.61609444761504
983,30.846622677224754
984,49.77563269918019
985,40.005427276043726
986,31.598025655151453
987,72.51046669460416
988,28.060755529601323
989,72.13020040481442
990,39.3036417949956
991,52.016796954929625
992,41.04156084929231
993,28.51483158094509
994,70.72536589403362
995,14.482509582725491
996,51.33593986104944
997,27.414889471798823
998,75.21880522294603
999,29.764483764050826
1000,28.723032076143788
1001,61.915651161851386
1002,33.219693594342075
1003,60.09375085986515
1004,59.517549698175664
1005,27.893667657089917
1006,74.57177173685584
1007,33.57426481526851
1008,54.112485024393116
1009,32.81227863728924
1010,77.90920734685946
1011,29.15211576755197
1012,30.63735242764271
1013,70.32805844414399
1014,56.9912636223486
1015,70.87458240034664
1016,37.1224642634607
1017,51.01016620790269
1018,31.344954346328954
1019,74.47173198261237
1020,28.880716925606457
1021,42.38500137227654
1022,42.7618012035691
1023,66.09212832312758
1024,61.669593973647906
1025,25.628993555765142
1026,30.501546912480187
1027,29.743753552809043
1028,21.367677039781377
1029,32.627668481210655
1030,64.3580076027731
1031,34.6005932460878
1032,34.710880486837844
1033,29.407846950435466
1034,23.9031288894426
1035,70.17165106434942
1036,73.04774854858593
1037,67.67160506211097
1038,55.328682243222204
1039,66.53763455309547
1040,55.60710445445666
1041,25.26996508809633
1042,66.3653166908017
1043,72.74507167855948
1044,27.655169460161993
1045,71.12457571440815
1046,29.137759060676743
1047,33.35243295235581
1048,45.27239454794235
1049,33.80285603046232
1050,31.1064480941241
1051,68.27004207684232
1052,43.12827622928053
1053,54.45177663058723
1054,66.54414991878376
1055,39.3574529110074
1056,30.737849300290048
1057,30.65878398928385
1058,53.272067462219006
1059,31.801974132067045
1060,65.60811311965594
1061,52.377467500814674
1062,69.33020321953286
1063,56.79961953876267
1064,39.458297675609074
1065,58.261468769452534
1066,51.958009413799076
1067,52.0191674651705
1068,30.24959369285621
1069,34.18153092232738
1070,40.46652555235206
1071,23.181236291960552
1072,43.10531432953525
1073,32.855346033286395
1074,58.18817561577206
1075,37.88810170023888
1076,76.003921538375
1077,40.516288433900606
1078,59.98319744257542
1079,48.35308878641963
1080,35.92958827610326
1081,29.396041114409375
1082,30.624161560819743
1083,74.53342742318078
1084,58.396947996257765
1085,28.575192452589583
1086,33.6686877244347
1087,62.436184455230475
1088,31.0906500946633
1089,41.1342324962275
1090,29.95505904583206
1091,74.51632720541433
1092,66.83343622484281
1093,28.558295790681306
1094,30.984963855845287
1095,77.0423975886541
1096,36.47331185808429
1097,71.85429652545979
1098,67.66455658523432
1099,74.91717766314983
1100,27.79987391318117
1101,28.526060194959506
1102,55.91902461081756
1103,34.245703663806594
1104,64.62537842710066
1105,37.33460156368659
1106,62.74809864126845
1107,59.63920903459509
1108,23.08232495207012
1109,56.517478594396444
1110,50.97458762662938
1111,51.804609678865184
1112,53.47066294518779
1113,35.91136402638421
1114,63.965772931624926
1115,65.57283907101385
1116,52.446710790867904
1117,39.71316709725387
1118,62.413151478357676
1119,38.0358433695647
1120,32.98682316790716
1121,31.301658195781553
1122,32.05007155384328
1123,34.71333194854137
1124,65.66286138372604
1125,24.49219789939867
1126,60.64449184262462
1127,48.16093656482336
1128,39.803264061275094
1129,40.38749319152683
1130,62.593537391277295
1131,76.20470694992773
1132,38.90650921559378
1133,37.90778976408926
1134,63.53967280734728
1135,57.72760304065298
1136,44.29940060526714
1137,49.179667323680434
1138,51.979710844701735
1139,45.08552848090425
1140,49.75612762508076
1141,45.62400354343591
1142,71.8111634985716
1143,26.068181150436402
1144,65.41103203602377
1145,71.78323659448279
1146,33.363427109656556
1147,46.33894729197165
1148,32.780055664280795
1149,66.92628364079633
1150,30.47294099038812
1151,34.306739502552496
1152,28.84228629414075
1153,58.617967110348424
1154,33.40670134643118
1155,35.28480575239472
1156,27.576477619003434
1157,68.81723305160777
1158,63.82513669903157
1159,64.72038731579406
1160,30.771904481477012
1161,60.01630031699308
1162,71.48523939011986
1163,26.268785250427467
1164,72.47430957290327
1165,61.96271013006421
1166,72.8766965234168
1167,70.21430920728065
1168,31.423634955185165
1169,48.156433941893155
1170,23.800701622182004
1171,70.10629957839984
1172,29.94140460702109
1173,61.23787771763502
1174,62.124202156186385
1175,42.33959710233636
1176,56.5403967518295
1177,66.18407900976774
1178,38.473882075683704
1179,33.800649642204725
1180,36.8712354158731
1181,66.92848953602505
1182,53.41033455905679
1183,31.836059793128342
1184,38.47103902980568
1185,40.421783005238
1186,65.1269166531873
1187,50.84039261089546
1188,24.791296596039643
1189,28.96480508305702
1190,29.304075857882918
1191,60.336063662901715
1192,45.51334684536068
1193,37.081867374825514
1194,39.71421036824591
1195,43.03760977681623
1196,31.41109037061103
1197,69.77964760463995
1198,31.76765306927392
1199,51.39526598153121
1200,67.42062700355145
1201,36.33180091793037
1202,74.58140081971877
1203,54.81448556537289
1204,64.10325382511567
1205,32.25007015003325
1206,34.36200365491777
1207,66.24606762506829
1208,45.906517944354384
1209,63.57704513055222
1210,51.329186062839554
1211,42.72096649785593
1212,84.10331546588844
1213,49.528052064005074
1214,70.63025613606676
1215,60.52813281279036
1216,28.74688410970661
1217,53.253461026438664
1218,29.241097728395662
1219,63.71302509903683
1220,37.7711017059682
1221,43.449634678955036
1222,40.97644249290443
1223,37.03505578499824
1224,31.159855929915018
1225,58.519892190697675
1226,71.53324528922941
1227,59.78593755568751
1228,36.94486609615315
1229,74.37668291158614
1230,41.389625218627295
1231,30.25232813951989
1232,43.42752276245921
1233,57.87339553019534
1234,63.4377071164878
1235,45.074628070416885
1236,77.23268892922636
1237,56.1813244025471
1238,50.16628866329489
1239,34.22181611036903
1240,33.97650512765513
1241,67.30857165379608
1242,38.19936009654692
1243,33.44197128861646
1244,53.61372827366277
1245,48.841898170848054
1246,66.55844923671313
1247,52.23239189827148
1248,74.37956370728344
1249,24.683377640263583
1250,46.972018360787274
1251,25.760866114469536
1252,29.84335912396494
1253,28.45651021005192
1254,76.54262348562327
1255,50.64489541889731
1256,44.3970038594314
1257,75.92857644415561
1258,66.24191041308598
1259,72.81448572014011
1260,57.475101592299694
1261,33.661345149519036
1262,30.55388370394392
1263,77.51780287973824
1264,31.82035834601742
1265,59.232243737211675
1266,31.333967571796435
1267,67.2448895376903
1268,34.66570502480662
1269,66.50281360344889
1270,35.74238118348458
1271,39.45874988805943
1272,41.28443106883466
1273,43.16968470486813
1274,69.03391175362891
1275,65.3916913509666
1276,57.06487406989654
1277,34.38588698377311
1278,40.093623059924056
1279,29.23065613837893
1280,69.55609996881684
1281,58.00865253356119
1282,52.5599210516168
1283,32.0145899712646
1284,71.41454688197992
1285,79.40806395235404
1286,37.31911045342265
1287,39.67882542804189
1288,49.07709447714057
1289,60.47498887066697
1290,34.09435835409027
1291,72.59164188491033
1292,52.29510537792355
1293,27.208132713666334
1294,43.81383847895371
1295,68.61076289244419
1296,32.25506464345322
1297,33.308158765658625
1298,36.58110111845311
1299,46.49643743938492
1300,38.48799858174159
1301,79.95970584601268
1302,68.14979147033777
1303,65.17677633412072
1304,67.27810942664446
1305,41.46926551690284
1306,65.2162868018351
1307,24.146593833582887
1308,55.26911878130504
1309,31.83656628273426
1310,48.44800297390741
1311,57.29297315961179
1312,68.89486355057926
1313,36.87021748356949
1314,29.37085384660132
1315,30.823849279731085
1316,29.041327207481125
1317,56.550882636898955
1318,30.90752424874346
1319,37.53073861293399
1320,53.97935527650458
1321,32.71555348714621
1322,69.09375537694949
1323,69.93034807425695
1324,49.73906818883377
1325,66.68195877094632
1326,33.89068560694916
1327,27.07953180056838
1328,73.30058921914383
1329,41.17539209736124
1330,66.51499419065247
1331,46.580702976898024
1332,25.119897160420226
1333,34.11401771872802
1334,73.79024231128051
1335,75.00450638332083
1336,73.20715534763528
1337,30.392898161246567
1338,47.299809108219854
1339,54.073044909008296
1340,28.413829265752863
1341,27.27719355620874
1342,32.963301021758035
1343,35.03425097435313
1344,30.910359231560932
1345,31.64592960430426
1346,52.08031071505924
1347,29.27152960077414
1348,69.07549731489799
1349,57.986063157759986
1350,39.30467039463262
1351,61.7634768011108
1352,28.17562029044248
1353,74.29433119177196
1354,69.72495670248274
1355,31.931670929355658
1356,64.01585226459619
1357,29.585175788099903
1358,30.633339613784475
1359,32.03384172581261
1360,50.32350519647785
1361,66.21687954706901
1362,40.09099094269865
1363,29.28464442288037
1364,26.673450836135995
1365,40.457157688623546
1366,34.774562050872774
1367,32.11271024641396
1368,62.63825482578408
1369,33.838319367268305
1370,33.553793505501595
1371,32.99206394012693
1372,26.49860710874835
1373,71.22630226624433
1374,24.731226113156023
1375,25.66624169923641
1376,71.60527783562777
1377,33.46624682292207
1378,62.37535039524413
1379,30.871206060859947
1380,32.92387561912674
1381,32.79380032264609
1382,34.38856691218016
1383,34.80853549859346
1384,70.83640781004829
1385,77.22857562567262
1386,73.24891039691651
1387,44.00899748756468
1388,30.63257289346599
1389,33.81916979886602
1390,72.41710905366534
1391,33.83218423495315
1392,70.60982213570864
1393,66.4189219720995
1394,37.2969944591096
1395,57.21148647541018
1396,32.72314289934812
1397,34.292839803060545
1398,59.624766158042995
1399,45.608885913263194
1400,27.896140257151725
1401,48.071259618240994
1402,26.899179099123792
1403,28.68260098374152
1404,64.53822933880613
1405,77.73640652339145
1406,35.27861715504271
1407,35.281278294546155
1408,55.686372446161364
1409,59.623523448071545
1410,31.907712618814433
1411,38.41103847835984
1412,74.99160151224845
1413,47.2750162617465
1414,61.99463469129637
1415,74.27908991591707
1416,74.79836501467526
1417,26.83960706341276
1418,65.00047296375179
1419,76.82103911810644
1420,61.95815534735907
1421,69.93957094945779
1422,74.812037600634
1423,49.0797726707489
1424,36.402804126713185
1425,32.70588834264095
1426,41.11083837782596
1427,62.226496774606304
1428,66.71215202257
1429,34.33881037993311
1430,78.46607715150704
1431,26.869538183598927
1432,22.868677016423625
1433,70.32242475060039
1434,60.102453418819785
1435,50.59078769987521
1436,28.832407798333737
1437,33.555279269204135
1438,84.20195663390723
1439,60.250631099355175
1440,65.95137968460706
1441,34.4620834422687
1442,43.092676158965155
1443,28.24870165685121
1444,39.32692698365069
1445,32.00682971180245
1446,39.73445053991571
1447,71.48014767703083
1448,64.89856243529645
1449,48.56099692506542
1450,50.26721200456836
1451,40.84053200638346
1452,33.109417382483414
1453,64.47388325207025
1454,44.03370511180542
1455,71.11395777659182
1456,69.45041530042015
1457,74.2719510191363
1458,43.95607167165848
1459,66.01797862571266
1460,33.72679416877985
1461,68.21653687072788
1462,63.0683211649302
1463,37.64173787188874
1464,47.52482550647186
1465,43.24390413043971
1466,48.942085513388434
1467,43.07245600507447
1468,45.48671143752883
1469,35.76029401186821
1470,42.86236810503947
1471,36.362053798428235
1472,28.819573755717492
1473,74.79834795424719
1474,45.548596786710334
1475,48.06705629091052
1476,40.30151980508482
1477,50.85598980724773
1478,68.96167426337983
1479,44.514724659218366
1480,46.041078539586536
1481,49.79577319614021
1482,28.779467329245133
1483,44.939653626095314
1484,34.28493778181547
1485,44.313630060416266
1486,65.08868811214866
1487,28.589233212476056
1488,27.051568378379066
1489,32.158804260653284
1490,31.547481415040505
1491,48.33207064059695
1492,49.720195231462306
1493,74.64966751806405
1494,48.05680313000843
1495,64.85673423272343
1496,62.914670060655425
1497,28.88651454434924
1498,63.253788362774195
1499,61.63316965005929
1500,71.22539958303878
1501,39.162126889859586
1502,64.90882738845175
1503,53.917788548833386
1504,68.37585880542406
1505,27.867024037487276
1506,71.03105692569329
1507,34.34395681935171
1508,42.735618711739114
1509,38.598686287352535
1510,55.790767170105134
1511,71.09774300529742
1512,52.19456649443235
1513,35.419628843045636
1514,35.22055636700463
1515,71.39752410930504
1516,72.01694291138388
1517,33.53606610630194
1518,72.56961909647458
1519,35.33093203582051
1520,37.12339025606437
1521,48.85059897325652
1522,55.31296938359594
1523,39.08985459848118
1524,35.88882454002862
1525,30.203557161679203
1526,48.65290284079619
1527,34.31394067350119
1528,32.25051647605658
1529,29.52654779226148
1530,70.01347416503702
1531,64.71574901123907
1532,69.25102606408251
1533,52.84628775489261
1534,56.89864276771024
1535,45.68378658677745
1536,54.70524306874516
1537,53.25817688001582
1538,30.881998422096153
1539,49.37064989586711
1540,67.01735258212663
1541,47.2502540198731
1542,87.77048527729357
1543,76.72628525646371
1544,57.42176333175298
1545,32.528753835351196
1546,46.32144035391151
1547,62.47519877090682
1548,73.42598120575065
1549,37.3281069484002
1550,26.34442997647364
1551,27.92303532921635
1552,51.72266537386212
1553,66.17040494782132
1554,68.52745401654232
1555,38.32961479913995
1556,34.58695826499478
1557,38.18843460772966
1558,74.39371065156416
1559,59.262925958895806
1560,70.51609661463844
1561,45.58582044799676
1562,65.14194197566292
1563,43.85491356591339
1564,65.59906102559167
1565,36.475258703159554
1566,31.803067721224632
1567,68.51980889312708
1568,39.672367087442474
1569,32.459219448131435
1570,27.24642759930295
1571,32.12719134015368
1572,53.229601189210726
1573,30.15280513704211
1574,70.67720972749555
1575,70.48980108492805
1576,62.56855966957599
1577,31.502279070154714
1578,71.90713364286461
1579,50.620943743451846
1580,67.55505872891227
1581,28.800274555761142
1582,51.858865710023345
1583,45.96668859155865
1584,46.445455474682035
1585,74.82227625527719
1586,29.76800525884656
1587,32.36899805163804
1588,29.734039256346392
1589,40.89962749972631
1590,68.7951999408866
1591,46.418828958189614
1592,28.541337401528114
1593,72.8688728161015
1594,69.49565278909526
1595,42.04415744443504
1596,34.696684741606745
1597,64.94963639666614
1598,51.57023224979626
1599,28.507274602000223
1600,32.54763455762686
1601,72.66658544594785
1602,25.559275240200005
1603,55.824578053376705
1604,48.15332561398678
1605,38.81916150790832
1606,55.758959613127075
1607,76.04648286121945
1608,41.24184154541867
1609,47.22195105102883
1610,68.53402629295707
1611,42.17517740603485
1612,53.2726731904572
1613,28.715861952293185
1614,46.23150957183162
1615,70.47518047252193
1616,43.21878468673895
1617,54.16606720777816
1618,52.55298896934449
1619,36.3553590222647
1620,25.43464722012565
1621,46.699476814057
1622,61.08300771495742
1623,65.44870300745472
1624,75.74091569320308
1625,69.48720572734946
1626,40.217932857676516
1627,50.08928055185811
1628,27.64492559714319
1629,25.192822043209713
1630,46.30142049914289
1631,68.89621567186182
1632,72.05343184684409
1633,35.076417429467654
1634,43.77884849101906
1635,37.11738577656176
1636,43.10399117894075
1637,37.95751368227594
1638,42.79427941324642
1639,34.59449350811679
1640,44.57929055263443
1641,37.628876645967146
1642,44.440674674891305
1643,64.01697992961323
1644,42.93708676765304
1645,58.582174368084836
1646,67.03534850874755
1647,75.13144038353133
1648,22.26091886024352
1649,61.88683775818134
1650,31.83732472170403
1651,47.627113351501585
1652,42.96322340541433
1653,71.91120672148611
1654,36.99008445163803
1655,53.06370895863411
1656,45.72777538195125
1657,65.1060170015235
1658,74.27270583252798
1659,53.804968612872266
1660,54.33164213875403
1661,27.972651739979046
1662,70.05401075191416
1663,29.711511087790544
1664,74.33393024876028
1665,26.534448132838012
1666,48.39249015368597
1667,54.553346564070765
1668,65.4366071887464
1669,31.81705330294222
1670,49.18030660996014
1671,50.905630812231415
1672,69.32824892761946
1673,41.929066026092826
1674,47.956808060783
1675,73.90059252678553
1676,70.67506669246684
1677,68.07395577454608
1678,54.466468883523376
1679,36.77819507960749
1680,35.45759052057555
1681,56.450833209933215
1682,58.28224244207677
1683,69.01805713852067
1684,60.92652512687349
1685,34.894688179386605
1686,44.19644869879152
1687,25.668664887738096
1688,72.5553141964986
1689,61.30930626999359
1690,52.51794428793245
1691,68.87796024838582
1692,36.49448590551714
1693,44.86927348867701
1694,71.56799919335381
1695,36.55202286979333
1696,47.55772253246361
1697,35.5057349706405
1698,77.95965509119924
1699,66.74289116781006
1700,29.47433016021994
1701,54.00705791472578
1702,27.562995762107334
1703,31.570527755886246
1704,29.73031675245535
1705,37.42459201553249
1706,66.96892657267605
1707,55.401094518480775
1708,27.403063319954043
1709,60.197373546599316
1710,56.372279939502846
1711,67.12078777893358
1712,41.41288747839475
1713,32.65082928583142
1714,52.66447116282189
1715,39.81542491095702
1716,56.670887166067615
1717,41.59145770757123
1718,47.52883323207788
1719,34.72850675554518
1720,42.82090483734561
1721,30.85612809204801
1722,28.86720703245454
1723,52.142780446691084
1724,42.41197475773655
1725,71.08040127793276
1726,69.16355742602309
1727,37.25211830881528
1728,51.858067551394036
1729,68.75290904353689
1730,46.436419861953745
1731,28.832390421286423
1732,42.158640824465806
1733,72.69097118611823
1734,41.58912242597234
1735,46.014598345444554
1736,29.516556542620584
1737,53.17279691287055
1738,29.34338416339538
1739,46.47854644297097
1740,34.17094837507967
1741,31.17263584128452
1742,34.528927771106424
1743,30.589912287292353
1744,81.3713964375878
1745,56.66020916243667
1746,48.643558474119054
1747,70.74581986762226
1748,74.31676207904941
1749,21.58998671156294
1750,44.61742086077527
1751,43.36051703744495
1752,33.7431670433081
1753,53.86994997808548
1754,74.92566429698209
1755,75.4254860754203
1756,54.93695808353783
1757,27.891622333922562
1758,30.10412270104442
1759,77.17895919796591
1760,30.257177800669105
1761,28.90431301824056
1762,60.643054055920814
1763,68.90066976943214
1764,44.38698714351813
1765,33.11182137172037
1766,70.3235152185033
1767,29.252949906743435
1768,72.99002913599523
1769,62.881035894926754
1770,72.50175244047409
1771,34.11155835482385
1772,70.69182930402012
1773,29.568215824762884
1774,28.112684193384958
1775,37.61736886908772
1776,30.109949801728213
1777,27.191456522156642
1778,37.78235640691384
1779,50.781007024439624
1780,37.63188749390607
1781,30.813358444172852
1782,69.6970495391694
1783,27.96857383617219
1784,71.2448798806022
1785,62.26760470389584
1786,31.69861810365112
1787,57.66057536977798
1788,71.72073624525355
1789,33.24034979262625
1790,42.61228355756049
1791,54.71100926808736
1792,35.242978664030574
1793,31.63026486695072
1794,66.47014525455572
1795,61.94500272203872
1796,69.50660856132518
1797,35.155015444047685
1798,69.30121263172518
1799,32.45103795874627
1800,30.706646463957412
1801,47.813211580809295
1802,53.21548582421613
1803,38.720687279181185
1804,32.858677162438426
1805,65.21197724707386
1806,29.818869511461653
1807,35.279735468616735
1808,53.496582948200675
1809,75.76765241670645
1810,51.060985882243344
1811,24.970742709263398
1812,47.86828087849034
1813,48.95744994666471
1814,43.08257333974352
1815,28.810860300156662
1816,54.907707911045165
1817,38.04818682135902
1818,33.83007832208759
1819,28.016062397215794
1820,65.71813988768956
1821,64.20218327025887
1822,75.61233783133596
1823,40.97167826170273
1824,41.09974869896609
1825,25.173129390073868
1826,28.943541132618833
1827,26.98068227324943
1828,47.498316574299274
1829,70.64585362928132
1830,27.401040964019245
1831,23.780643746867895
1832,43.68504704112673
1833,37.0379058268876
1834,67.11605410006756
1835,36.557066216622495
1836,32.607280093672664
1837,72.1818151888237
1838,64.0147257751599
1839,45.13370794831639
1840,30.213828394667225
1841,29.546711928181974
1842,40.339705372907765
1843,39.18525058868081
1844,50.418333751744996
1845,62.98846738338265
1846,32.19536191318808
1847,56.50961673352744
1848,57.01174441365591
1849,49.72327220906557
1850,36.11115911428945
1851,68.95489008735542
1852,73.48507992121867
1853,33.14210402859456
1854,59.831706091079006
1855,35.93138027307731
1856,64.37488512983023
1857,33.11294229222493
1858,34.13517586612698
1859,48.0375974690515
1860,32.485852799273474
1861,67.09253416969074
1862,43.9659103018661
1863,59.04937637514686
1864,50.684147637885715
1865,63.34073271466435
1866,67.1300047932508
1867,67.01357992936369
1868,70.21033097654696
1869,32.12990129138445
1870,64.40746405753177
1871,21.341445437739367
1872,38.67682102709329
1873,69.28753033666729
1874,33.33506773980463
1875,35.487387159764104
1876,51.3555271661389
1877,30.307202659418444
1878,33.34575212696537
1879,44.5898853723407
1880,69.01335052104999
1881,42.50643837137245
1882,30.033146368687575
1883,34.241625072132884
1884,61.965373413625564
1885,42.1012864265513
1886,51.99708882399755
1887,28.470155076978845
1888,32.143967704205366
1889,29.936239900650893
1890,62.38665939444152
1891,62.15401162753831
1892,74.47027930133376
1893,36.79907718488594
1894,57.57523646288668
1895,28.069765819923685
1896,66.37485827364745
1897,39.53633671037056
1898,30.254260890173846
1899,31.908663529358908
1900,30.23781348841468
1901,36.54786771886306
1902,36.59691910367513
1903,72.02907401565055
1904,22.672216948016487
1905,38.38550462099992
1906,44.10425475367781
1907,65.70114265445322
1908,46.047898849141504
1909,29.725445040216165
1910,66.1224814473814
1911,57.10898669246673
1912,47.77395000131883
1913,61.01549749582203
1914,34.47060962927904
1915,76.85136727781112
1916,56.9858362574247
1917,53.0169236314546
1918,31.84583228747943
1919,32.184591385777324
1920,67.10814472273553
1921,76.2631249038355
1922,61.70731369092011
1923,27.65163494124468
1924,40.80747102021634
1925,59.58274308519022
1926,72.26550711914683
1927,30.040350285986463
1928,53.48187615126903
1929,33.34601782802167
1930,45.76775586581414
1931,45.98232059920426
1932,37.51216525947878
1933,28.53368839616252
1934,28.383834976700474
1935,30.90872439962374
1936,76.97469910317324
1937,26.040385869718087
1938,54.489194999889754
1939,60.9807784645808
1940,76.28699103886073
1941,74.26656429864136
1942,39.61733354185898
1943,30.16657890021335
1944,35.03916044918625
1945,33.35999722180503
1946,36.60866398940091
1947,57.68019294999845
1948,52.16515294712365
1949,70.01642828252182
1950,27.289398113758217
1951,38.230306188293625
1952,22.338037165120014
1953,39.94793561000532
1954,66.55777980493
1955,36.377292617212646
1956,29.82353727354886
1957,86.69930992460563
1958,34.625223100946016
1959,40.625222022864065
1960,30.429550778929762
1961,36.14433694299329
1962,62.967821419437406
1963,68.72983885276724
1964,30.348800568576873
1965,71.52794961518778
1966,30.16039736972493
1967,49.455774613461415
1968,33.38210304506095
1969,26.533842472456282
1970,38.402031431926446
1971,54.551203372254456
1972,60.85102866727947
1973,42.11204654106078
1974,57.656989506134515
1975,60.71274999924353
1976,35.091231068603186
1977,29.092026355756897
1978,51.68710567713981
1979,71.32500646072641
1980,51.02722296227463
1981,16.72147497520218
1982,67.96331307480226
1983,34.17061930548414
1984,32.20238243510211
1985,32.53649591033104
1986,47.6456044808316
1987,30.578661439386998
1988,30.78589006282636
1989,50.70528188874842
1990,37.93251438155169
1991,41.7777498100183
1992,27.41018289646513
1993,58.179138889038164
1994,52.52847008755298
1995,40.73933661929759
1996,72.9416244773239
1997,74.38858672700535
1998,31.27218126889666
1999,48.06924256354295
2000,60.0620592768443
2001,32.06209118654801
2002,67.53273335043188
2003,62.6020136566625
2004,42.363982117833984
2005,43.74979894405652
2006,77.66613908437546
2007,40.561500498774876
2008,37.378976100820964
2009,50.72811568209979
2010,30.31836836709664
2011,36.923944538718175
2012,37.76014464617
2013,72.31624327079562
2014,61.830526665729614
2015,63.15469237983541
2016,70.0290181554927
2017,29.933655856980383
2018,63.96384129618957
2019,39.92962111158502
2020,30.742400830682286
2021,73.49397035632006
2022,67.78815488761987
2023,49.17631815162414
2024,74.59449670990267
2025,74.73873117967327
2026,39.14807134482679
2027,29.624706739510405
2028,30.41869490465537
2029,23.282135267484957
2030,35.09008994280515
2031,43.95144172691245
2032,71.60070224936703
2033,48.23502768472771
2034,60.18601938606104
2035,37.772820136092705
2036,33.77876276847346
2037,65.47444577316867
2038,50.036940423084275
2039,67.80546659077186
2040,60.62645090537447
2041,37.81792519272221
2042,67.72480795228579
2043,72.15764318835598
2044,31.1086084955098
2045,38.663287813697515
2046,87.49690468389312
2047,34.91398645735633
2048,41.828775518121176
2049,67.95874281853875
2050,41.65298145438653
2051,43.33757749977779
2052,37.58667664626664
2053,40.132606975595365
2054,71.49670273527803
2055,50.37996635599938
2056,66.35494186791561
2057,43.571479700339665
2058,26.040054336177743
2059,51.02211487994086
2060,64.00513444036933
2061,59.245498143437885
2062,66.4940644508215
2063,72.36404891630539
2064,66.36572602044303
2065,76.80726248813436
2066,70.45368994438385
2067,65.94377816013434
2068,31.28119255627064
2069,31.58273519086721
2070,70.92199366018485
2071,48.48901997302471
2072,61.286954081180234
2073,33.54287186009837
2074,70.73778570991001
2075,52.86441863661859
2076,31.221366676355423
2077,32.807690548263096
2078,78.77014027501585
2079,34.20629833309072
2080,68.86154799106278
2081,40.2604895317702
2082,32.5357600276357
2083,32.55459963658303
2084,62.88956786637682
2085,46.01170095859513
2086,63.882806414618734
2087,29.661755210520433
2088,57.09318285867184
2089,55.27792943422423
2090,65.95005921952443
2091,33.114157004281196
2092,43.35572797509099
2093,33.08069262594855
2094,33.75946778820686
2095,33.49106694627217
2096,78.21775340574015
2097,29.678200019274918
2098,29.795237520909158
2099,28.304933274377678
2100,33.58063445601005
2101,53.437580966246934
2102,31.309150931294898
2103,35.013846624652146
2104,60.178990021348945
2105,40.31280727240371
2106,57.97361462003442
2107,42.182230727416936
2108,47.95457030316492
2109,61.560628649664594
2110,38.327547367544966
2111,26.68993355402095
2112,31.184978169430202
2113,77.28092918387814
2114,55.54756592177762
2115,27.926044050568365
2116,46.57349111947135
2117,52.96646266025497
2118,68.14120168667677
2119,32.93646608655229
2120,49.09639260369925
2121,33.087044647359136
2122,36.967619179308386
2123,35.35610942177465
2124,61.717353278746394
2125,42.87804928440652
2126,30.89645564146348
2127,63.95135019977931
2128,35.28711412704689
2129,71.69297693295894
2130,59.3635935335942
2131,46.134902407618014
2132,32.460238639795534
2133,68.0491883599233
2134,29.360034943466296
2135,34.12245704411058
2136,45.5948433894398
2137,57.58176660009447
2138,57.62636037292111
2139,73.70562230842339
2140,31.589540385198532
2141,31.39428029321687
2142,29.587885463305483
2143,47.065261941198706
2144,62.171712124640436
2145,30.949354116451573
2146,70.73424527306551
2147,30.991213219386925
2148,67.2676837372691
2149,68.60757211860192
2150,48.464059061536
2151,48.37193768894277
2152,60.040721579658786
2153,73.54833762925998
2154,78.2209788064861
2155,52.655854937503456
2156,52.68514531779513
2157,44.7832181665659
2158,73.15584346963992
2159,66.90302916791904
2160,32.351731468092446
2161,33.70914571367707
2162,35.73010497601558
2163,70.0883465700444
2164,36.64610373763978
2165,46.160471303367935
2166,37.888353878238874
2167,42.531534458410206
2168,53.51688161907758
2169,36.44581080828609
2170,29.18889539322553
2171,72.05163945205544
2172,53.217754031144054
2173,34.74170938416438
2174,43.189915360436174
2175,41.07257150536866
2176,64.53412859914968
2177,48.388226291000905
2178,66.1429277893642
2179,30.137657257408694
2180,30.255058625738705
2181,51.43667474350689
2182,42.642462619552994
2183,41.44715381920449
2184,66.43914320627118
2185,37.603095586847616
2186,32.795858546067976
2187,65.85406061982047
2188,33.33304163773562
2189,29.44719453389097
2190,68.29167898649197
2191,53.62188190182875
2192,30.76438190273666
2193,66.31696082913282
2194,50.72624710513747
2195,48.60773894898383
2196,50.575020138778285
2197,38.47212969796461
2198,27.04948719716672
2199,68.45698943086741
2200,33.09236582251759
2201,28.672374533522177
2202,62.89331777491406
2203,75.21147772333595
2204,26.00008930697202
2205,46.29707533406313
2206,35.0031282035506
2207,27.085600364591553
2208,75.43904773695454
2209,34.547268760363465
2210,70.1869301320155
2211,72.75474965844663
2212,39.95567584130217
2213,29.796843617884623
2214,42.40056272522515
2215,37.41510628901082
2216,32.16584522728655
2217,53.99709298890566
2218,69.72066456252257
2219,32.99390817970122
2220,76.76525164228534
2221,31.600780523050712
2222,31.84766442721383
2223,19.10944279175396
2224,68.15890239414364
2225,33.29354424718787
2226,29.57022283177984
2227,50.68974136570102
2228,36.945912492621446
2229,18.622274115160412
2230,66.16721839967425
2231,64.11149984991035
2232,70.9814116574044
2233,30.226874113514693
2234,52.471848631504145
2235,45.76294948364256
2236,56.567950309307044
2237,48.98846335990291
2238,34.74146966188553
2239,38.846471056346715
2240,45.55907706666712
2241,71.9421610910502
2242,29.512971566295196
2243,50.9289687239171
2244,66.15231027636094
2245,69.5603009803618
2246,58.56595488037338
2247,41.354726378211794
2248,23.12382098550397
2249,69.15477275766082
2250,30.489325687791883
2251,30.084257668982936
2252,34.029610872672265
2253,28.934940536025767
2254,60.25842427855255
2255,73.19514282626754
2256,26.946638247047847
2257,34.94789591135707
2258,34.7320385149941
2259,59.54488854704292
2260,50.86021441179889
2261,56.07115803269529
2262,70.00195647357741
2263,54.01863216504359
2264,37.10773422559045
2265,66.34205324586861
2266,64.63317528961534
2267,29.21703397835916
2268,29.357896222715514
2269,31.566502849922713
2270,38.44511973611737
2271,68.38447146620106
2272,41.9767754974939
2273,29.212978937671664
2274,31.93395925717455
2275,35.77098987453873
2276,48.731032922007174
2277,36.051150358794956
2278,32.97620399101776
2279,60.759054108304255
2280,67.38514634838732
2281,44.41748993084233
2282,69.08262803021245
2283,31.134348458098398
2284,34.6366972315544
2285,45.1823418487781
2286,47.44410951398098
2287,30.152308302888937
2288,77.76423200944934
2289,66.3445221390522
2290,19.501410240716194
2291,72.38936215783701
2292,36.26734459609406
2293,37.53104242669449
2294,67.1846493510529
2295,41.604873085420074
2296,33.89017959226514
2297,28.02128095660385
2298,36.262578512973704
2299,31.810745131076814
2300,61.929189899674654
2301,67.91688548205471
2302,73.85609439569068
2303,50.030659987353374
2304,35.03911465225826
2305,49.60636822909237
2306,34.79103472335313
2307,21.24495109361003
2308,31.297496160481966
2309,33.01640630271082
2310,35.184469472898115
2311,61.583681836648346
2312,57.094155638229594
2313,36.27255528482685
2314,44.31125167831354
2315,68.93974275163815
2316,43.390965322218605
2317,32.105864343644114
2318,68.31557116715884
2319,66.72622697855931
2320,43.977796835017756
2321,34.24692502468774
2322,39.32136862600158
2323,54.82172723721483
2324,57.04059278039129
2325,47.93157497651555
2326,28.248861667414545
2327,26.82344592525576
2328,71.79912450980646
2329,67.8900153048604
2330,63.41839792445586
2331,34.26911078213993
2332,35.34251735521278
2333,78.21707007746753
2334,41.62762712714842
2335,27.898834792840645
2336,42.36129608866895
2337,26.729958451209644
2338,27.096334297662757
2339,70.84455267025417
2340,34.27040186497384
2341,30.002541367508126
2342,67.78206726494723
2343,58.960057661310515
2344,62.834100654156984
2345,50.01542064975669
2346,50.44189138164873
2347,28.514548287533465
2348,30.288545365482168
2349,63.9469598523898
2350,27.944704599490816
2351,72.05234520297395
2352,34.07120567691101
2353,31.40428978144555
2354,36.140127762334004
2355,70.864652814192
2356,52.798328459311584
2357,40.43963444135082
2358,66.46008478008878
2359,28.14190136142832
2360,27.95311117022236
2361,29.30624993397475
2362,60.68819018671669
2363,28.388573811651533
2364,27.069703186870072
2365,27.613096937101425
2366,59.850807059019274
2367,57.28861436232937
2368,76.56680189931592
2369,36.136590858517515
2370,69.97057706388742
2371,38.32085033724189
2372,31.751241106719373
2373,75.34138805215913
2374,65.11079848684221
2375,50.948196415461126
2376,27.005030493012676
2377,27.982861279046347
2378,49.45656489620568
2379,73.24811447903728
2380,70.9940914192998
2381,20.95813747361645
2382,39.389699670979994
2383,39.65768413566978
2384,42.55473914843542
2385,65.59512853705321
2386,72.74248654789744
2387,30.74613591322136
2388,37.45400026877092
2389,45.25436945869416
2390,41.53854402456827
2391,57.14833430683497
2392,69.98656608756717
2393,38.65218664709305
2394,66.57289311647375
2395,52.76093511998587
2396,43.92065040919101
2397,27.950066023529363
2398,32.007927696732004
2399,55.30201425647105
2400,28.475575692160483
2401,33.445729332751036
2402,69.74314475667879
2403,61.05120401220377
2404,51.90866507307389
2405,64.23591157958415
2406,33.69905215132138
2407,69.04687607077813
2408,64.55853949742279
2409,42.15439644050292
2410,70.00414284121332
2411,51.65767277696847
2412,29.800192878685515
2413,29.148441817704455
2414,37.46331602265426
2415,32.120945084938
2416,44.065167516074865
2417,27.249062496383374
2418,69.1979282377234
2419,50.741147535250406
2420,46.991161380407654
2421,69.40255842969883
2422,31.20013386561114
2423,61.143217027842766
2424,72.93320130568213
2425,70.74131098803478
2426,52.30511589268821
2427,37.37920047352001
2428,60.823862318065686
2429,42.93190691172129
2430,51.73766768347558
2431,95.10629886491654
2432,90.94176995065268
2433,34.38508403052118
2434,40.38947708017601
2435,46.34838386017991
2436,59.70561860819637
2437,26.792904761373336
2438,74.25547829584528
2439,58.56927522494074
2440,27.200480478213787
2441,57.899971870999245
2442,33.23159616211566
2443,40.020087019009765
2444,39.46379440936872
2445,29.999478914166392
2446,72.63893045449815
2447,70.1452335855518
2448,35.61868622394063
2449,58.07349895258934
2450,27.89671780845714
2451,37.92375809898567
2452,66.72997777416634
2453,26.837148531333202
2454,43.633480422718684
2455,29.315847069750035
2456,51.400063844640925
2457,37.632230684732136
2458,49.39847435790605
2459,38.882318690842524
2460,42.32034168894563
2461,72.45669199400137
2462,51.75597665407266
2463,53.105362676048635
2464,50.501109338229746
2465,31.857662613557313
2466,72.6367153751108
2467,33.66335474023066
2468,61.32543752019605
2469,69.95066771752414
2470,79.16514256101337
2471,67.79914845943401
2472,29.259778364529737
2473,25.627867876652704
2474,30.56719940009764
2475,63.71465890751337
2476,27.199646415383885
2477,67.71931273580427
2478,66.34650655641924
2479,31.04408569929543
2480,18.126609199198988
2481,68.23869269619529
2482,28.757377630642573
2483,30.300077003317615
2484,29.27857323321374
2485,27.869003806973424
2486,64.73784507103954
2487,43.920641241423084
2488,66.19183614840529
2489,39.85641316943605
2490,30.255787179142274
2491,52.89680108148691
2492,42.10757240335498
2493,71.0030000170583
2494,51.80949828216362
2495,57.33329126771546
2496,45.82982218515847
2497,74.0841995701751
2498,47.05699958853259
2499,31.479488897988308
2500,41.79094866798936
2501,38.35928294249614
2502,34.764266087562724
2503,26.534865975375432
2504,60.17699156616899
2505,75.7022302948409
2506,68.34827673617916
2507,28.288659322823936
2508,38.68235428947774
2509,59.49867412910594
2510,71.12464719480397
2511,21.772031031948615
2512,52.05513377164519
2513,30.89022654532318
2514,31.62008121074112
2515,27.404223532081097
2516,75.61587773061585
2517,56.643424502295055
2518,70.26889976164773
2519,55.51192680203769
2520,38.323152105112186
2521,37.4474225888734
2522,35.22536765104695
2523,33.608573575784945
2524,71.71842731174442
2525,34.7801959893258
2526,27.933662856535726
2527,26.395474211550535
2528,70.83763229731585
2529,42.19521192867329
2530,71.34182793035949
2531,67.00003303554007
2532,37.63738080927284
2533,73.55310745789308
2534,29.713083560162204
2535,38.7840850627709
2536,30.067635527261487
2537,30.326425395590235
2538,34.81643349101088
2539,31.46548292382025
2540,33.54683417354438
2541,49.81009935325387
2542,26.90857401783708
2543,21.397467885084392
2544,32.39540775224676
2545,70.06236620470014
2546,23.22103161485979
2547,77.80413501173535
2548,57.73183799672926
2549,32.53311968457171
2550,42.9860007225775
2551,33.9928770617757
2552,35.45140902130841
2553,36.23827879734378
2554,37.49224509104135
2555,85.98643929385086
2556,37.34834205729138
2557,70.2235314243737
2558,66.60686694259726
2559,55.967771225921524
2560,70.00250888307272
2561,35.640483235416085
2562,55.92159841176263
2563,72.12769471866957
2564,22.535589347978746
2565,52.8866734283357
2566,39.890979000182114
2567,30.994313626591623
2568,31.225847941366187
2569,33.80185978379471
2570,29.853005516763975
2571,34.963353911941994
2572,68.5578619082747
2573,54.700110068861974
2574,70.8686304342946
2575,56.7642113995349
2576,31.115972685108975
2577,67.0702078986142
2578,66.49198174636385
2579,27.106697320942363
2580,29.463976837913208
2581,32.775483660701596
2582,25.014858824119173
2583,53.67962693867665
2584,75.7606996075846
2585,47.144338165775984
2586,67.20340436033571
2587,83.59897868956818
2588,66.91410300784926
2589,50.67801143600605
2590,27.53685467575444
2591,64.5547009019545
2592,25.957270846562086
2593,67.15116920233447
2594,63.71782032769649
2595,58.88792537204103
2596,56.91976265154398
2597,55.62986633215315
2598,46.88359652614021
2599,27.181696155054098
2600,46.156090603161076
2601,30.184637821782477
2602,22.322849699353853
2603,61.01933705440185
2604,39.82948383778451
2605,30.596907795899625
2606,58.676518839803556
2607,68.65229861668873
2608,50.910622260944535
2609,67.64669260888482
2610,38.08169990888966
2611,59.8624346763483
2612,71.9329099940899
2613,38.1508156502071
2614,47.81453500501959
2615,29.389144406730377
2616,28.548814334182687
2617,19.847275479752067
2618,71.64547972744688
2619,51.258996841116485
2620,56.602213898698224
2621,71.47887403696203
2622,61.03822493916826
2623,67.78944371156817
2624,44.94617305340958
2625,32.72865605962429
2626,31.03012058251763
2627,31.004944413847554
2628,69.05021002440012
2629,32.237695438099664
2630,38.96508103684852
2631,31.098266593442307
2632,68.11694306505707
2633,29.33289787990044
2634,52.7332830533155
2635,69.37326871558777
2636,57.955251820163966
2637,64.52552538610038
2638,29.587667483352167
2639,35.869194269621104
2640,65.74481136147286
2641,30.211452085461076
2642,38.18664757925467
2643,44.97907449799827
2644,72.36899517023704
2645,29.945918840030494
2646,59.397111693474436
2647,41.8909012321034
2648,61.965356226625744
2649,35.79115477820193
2650,63.958776179428426
2651,31.690546151512436
2652,32.52175134462998
2653,29.176052460404026
2654,28.941821088712178
2655,63.80146207126313
2656,69.577858081974
2657,62.97381449167972
2658,61.860021089504855
2659,33.596575846846946
2660,30.649871462123127
2661,23.0952538266615
2662,53.21615653414052
2663,68.39497618385309
2664,80.15667986218958
2665,51.61095318177151
2666,69.12314261795042
2667,32.6678397081386
2668,40.22274666813191
2669,42.62064069923684
2670,31.752324152577994
2671,56.61042249924602
2672,57.200503717320224
2673,30.172284564733435
2674,72.28257132554586
2675,49.461130184945574
2676,47.48223072685322
2677,75.10111547378757
2678,38.53324706389783
2679,65.16875353641174
2680,26.512273775376176
2681,51.70508098616432
2682,34.654064735543926
2683,29.14116423168156
2684,61.49248964702845
2685,71.69152224085116
2686,39.65021872146339
2687,40.253683267034056
2688,34.478062347092084
2689,69.6844577536907
2690,64.91282505380161
2691,37.06569487419151
2692,33.064772908482574
2693,37.99371668651892
2694,53.664972128923345
2695,27.702986225703032
2696,62.44681118888819
2697,45.61123905871089
2698,71.66430681903047
2699,39.11334306707287
2700,29.924365565437316
2701,32.07761968624052
2702,45.68194968178963
2703,53.950893319412714
2704,87.15289746184432
2705,88.22244301597239
2706,50.66217596528538
2707,71.3525188993603
2708,37.466070072402296
2709,33.1546941184582
2710,61.91780962327613
2711,35.06782635642675
2712,41.258772035988834
2713,49.02118136458641
2714,67.87035853552267
2715,68.90866626827096
2716,65.42232615909639
2717,22.30795076768632
2718,47.572028835761316
2719,23.05461819647958
2720,33.53002466965251
2721,32.43626372991632
2722,65.9589076288583
2723,27.93560685904592
2724,71.90744849556931
2725,37.891801019861006
2726,69.87264216730085
2727,23.022780388010357
2728,46.27797930380656
2729,46.80443829019064
2730,34.78885363629261
2731,35.8754810722334
2732,43.09503436764592
2733,44.46233268257505
2734,30.471495474283763
2735,72.12821824468756
2736,70.3018465804604
2737,44.78812757465283
2738,26.39849363320739
2739,69.68037603615811
2740,64.45150053444395
2741,25.7339058243231
2742,45.50571171813214
2743,42.087706114956255
2744,48.92825608520311
2745,51.69534727066676
2746,46.28868880824091
2747,75.44877374863711
2748,57.00530892651919
2749,39.09024969604723
2750,44.281762571542046
2751,69.00256682885735
2752,56.28424083849317
2753,41.12592516362561
2754,35.021353025750955
2755,58.397981082306906
2756,26.23602962377683
2757,72.62229767808687
2758,72.14396754587614
2759,36.83399315212123
2760,39.733424435702545
2761,34.35314471515737
2762,44.093087763024364
2763,29.076403447450875
2764,62.52213660917138
2765,68.87575265423665
2766,72.31446347863161
2767,83.0783099413662
2768,62.11249222922216
2769,29.77096281811352
2770,26.30550906151617
2771,30.304399847191743
2772,53.06117884171124
2773,68.80412008608626
2774,36.42590166667455
2775,36.623342044609544
2776,66.37286573906734
2777,35.54295457522003
2778,35.046445985487225
2779,67.11440499795812
2780,35.0524728592755
2781,66.63921242627185
2782,35.23722488540532
2783,73.37109361871234
2784,64.14287052186855
2785,37.43716512503131
2786,72.78307365681384
2787,70.65655038440661
2788,38.290163225511755
2789,75.18136192391731
2790,72.35637422389192
2791,44.46693296844364
2792,36.20627266476545
2793,44.865209725876674
2794,63.86070339643839
2795,35.26452848576525
2796,39.17381182367692
2797,27.574056626114295
2798,26.961481924760683
2799,74.32310383958591
2800,44.2656188761455
2801,48.7123389108396
2802,51.775845172062255
2803,72.02579853069315
2804,41.255501161897406
2805,33.346685162998526
2806,85.8570692458542
2807,36.82736322455587
2808,44.51095522024585
2809,60.13817721651088
2810,35.26776286690981
2811,70.7640293061799
2812,35.19005468344479
2813,68.51633346749429
2814,48.35778006013958
2815,30.476730894841854
2816,66.01626403213871
2817,40.47544674450148
2818,35.59002662180381
2819,31.603548160207126
2820,64.32558079888922
2821,67.38216663185301
2822,29.84777421154248
2823,40.79780694076233
2824,25.09589373145935
2825,32.009305174481845
2826,74.03127834093297
2827,48.435830441988124
2828,40.033678879911186
2829,67.90981431648268
2830,30.67679511001588
2831,67.6542026686586
2832,65.9817145342624
2833,45.50789167672535
2834,72.69536020376205
2835,35.424397201298916
2836,28.74701624863794
2837,64.7237953665402
2838,52.98116048084629
2839,77.3717241524301
2840,65.76486149596127
2841,25.876131351947507
2842,61.365806865223014
2843,70.71002719214782
2844,35.40648972243446
2845,41.45212118684153
2846,46.70625218085995
2847,72.29640426727568
2848,47.7033999340926
2849,62.89946423702393
2850,46.954868381883735
2851,66.60669793345784
2852,57.661388719401714
2853,38.209090380808746
2854,25.99919856635426
2855,53.81930930020776
2856,67.99042954247257
2857,67.3937472448207
2858,55.213037526077485
2859,38.43312010601776
2860,42.06690838151446
2861,34.85522195404782
2862,28.417798996055005
2863,63.08512882805626
2864,37.12385403905139
2865,26.1170844972614
2866,61.566799174671104
2867,27.679892650921488
2868,51.593579476450124
2869,35.210584378901295
2870,29.023602611177107
2871,33.9123987126047
2872,75.47632563147118
2873,27.302985219731497
2874,74.26685680853953
2875,36.851555645261314
2876,37.479998298233255
2877,38.7602321623719
2878,55.13346690221725
2879,60.24447650835775
2880,46.3748926130801
2881,60.561429740789094
2882,75.74065360726215
2883,40.346628584844474
2884,75.86760665433567
2885,51.841048550244125
2886,33.408819593397276
2887,35.84795402924002
2888,62.25758188365768
2889,26.53648553335862
2890,41.01161127724724
2891,51.99187703552563
2892,34.54360718684956
2893,77.80686544229933
2894,32.80926315956163
2895,47.08993184695774
2896,32.09803463752401
2897,23.92544130222033
2898,63.837956491805414
2899,44.533329224580804
2900,33.45748283056261
2901,32.66808800632011
2902,29.41615135094153
2903,76.7776179360473
2904,32.898875050073
2905,59.115551140873954
2906,47.41099039479922
2907,40.645118279727605
2908,60.990992131690916
2909,67.49065764105002
2910,41.64224547308345
2911,62.078148469290795
2912,65.94222828566804
2913,40.688769264134805
2914,41.62420394114694
2915,64.86700759654305
2916,45.55143871070272
2917,27.401559272618773
2918,29.3635427973085
2919,36.4040557842369
2920,26.555547916065866
2921,29.06160907765035
2922,20.206215824937548
2923,60.14535498137566
2924,34.924716629567165
2925,37.819736248120854
2926,28.81841618329925
2927,68.35325414605208
2928,40.329679388910655
2929,32.888855703081354
2930,40.33216456314272
2931,28.347977769894847
2932,30.768667305938944
2933,43.13778990232619
2934,37.688652187032
2935,48.984301501990856
2936,76.97730339426118
2937,28.24171100558925
2938,65.25390037684295
2939,37.413285424293306
2940,32.739367677351716
2941,28.34501530561883
2942,58.40183713386358
2943,36.88451296294724
2944,73.48523238600399
2945,70.00654321862302
2946,45.68491725295726
2947,26.042522865735137
2948,24.37298553648246
2949,54.98783556493849
2950,33.92859599328037
2951,39.79959802218589
2952,68.26896767761227
2953,30.905720710815373
2954,44.96258143233296
2955,33.40260453489385
2956,58.91095427196788
2957,67.41598178281498
2958,25.740604594842083
2959,27.04805758396353
2960,35.14181230316953
2961,52.78247210131145
2962,78.82975581996632
2963,39.1092520794726
2964,30.19100329399918
2965,67.96386546407696
2966,86.27703395178895
2967,31.851615972556658
2968,47.60962179498253
2969,32.836265051719565
2970,31.902163106348294
2971,31.69526406344862
2972,38.32300138249648
2973,33.59403612823749
2974,32.310377726128856
2975,34.258121008024986
2976,29.91902211930824
2977,40.989434915469
2978,28.021276262765372
2979,30.957628781162693
2980,66.1854582446786
2981,71.82490666872901
2982,71.69955466685921
2983,61.52539571699263
2984,33.730789383421055
2985,47.258426965502316
2986,47.945391921374245
2987,34.02288070234721
2988,74.39793313749144
2989,73.51679231049246
2990,69.8930325776656
2991,28.28153632975401
2992,70.67615818583779
2993,42.54827408860284
2994,71.31855094824645
2995,32.10019826052479
2996,50.75980144948061
2997,33.59973608354433
2998,73.38226315799515
2999,39.50806710736699
3000,77.6898626142706
3001,79.48433728221676
3002,51.05923787766245
3003,31.575494048856907
3004,39.77501356380602
3005,32.24186012149821
3006,24.48545180147705
3007,75.07585667311798
3008,33.66066487482692
3009,31.722190134028683
3010,39.35361840306385
3011,73.11763823153976
3012,73.56207094341187
3013,63.2233142726937
3014,34.834925391422516
3015,68.02707356504146
3016,70.52644616430838
3017,70.11748311479198
3018,35.129920642714666
3019,31.46137645804587
3020,34.946560622669715
3021,31.670509972103424
3022,49.62029581755607
3023,47.25368048955439
3024,68.43013703469896
3025,63.82137740181845
3026,52.496307593971615
3027,32.45507015743991
3028,47.17328552302724
3029,53.39438425417542
3030,76.4000173747084
3031,30.275372297092574
3032,45.815554346503646
3033,31.572923714295193
3034,57.364134456792684
3035,67.07693721821062
3036,69.7901907353547
3037,33.92407515504535
3038,66.62312850815135
3039,27.826606419779306
3040,67.27933124560127
3041,72.4470840898411
3042,34.5191127977326
3043,33.095755023094995
3044,44.13009798465269
3045,65.04218493836657
3046,42.63939049008369
3047,41.47207427325986
3048,31.532451693331932
3049,31.46233250195926
3050,26.35362239654465
3051,35.3796961709226
3052,73.50739368562864
3053,41.07494554981918
3054,63.86766558256508
3055,73.52510980572062
3056,36.333184008239165
3057,30.54502129145194
3058,37.64922631836118
3059,93.23093104628458
3060,48.84558996325928
3061,69.649935198587
3062,38.87200892397408
3063,28.293955540627056
3064,30.84702615781779
3065,76.2108558511291
3066,34.529905535054645
3067,67.77086479820899
3068,30.260654516425127
3069,34.81871071154348
3070,27.115031959162735
3071,34.50086973388716
3072,64.03009898774225
3073,30.706480782586375
3074,60.54630400501865
3075,32.11071588128746
3076,46.407856519726074
3077,47.29449297449389
3078,54.186332302050886
3079,68.59965163600019
3080,27.919858946859474
3081,31.941002344695264
3082,73.32000929635198
3083,64.18169697414486
3084,57.41417894040534
3085,34.17646251967145
3086,33.91276517340289
3087,27.520267881645964
3088,42.47102563334939
3089,40.75744349758655
3090,57.39809108000047
3091,61.29910321899773
3092,33.15964268860075
3093,67.87042913143024
3094,32.11491217347344
3095,58.04888017226973
3096,72.21148554709418
3097,36.10192792710025
3098,38.177461399431074
3099,56.46365435900486
3100,35.45633456742207
3101,70.61728835957281
3102,38.439885116588556
3103,64.50384336402375
3104,41.76278197643006
3105,37.55120043533846
3106,67.78437181137282
3107,45.24284720749857
3108,83.51487342985435
3109,69.9462251741453
3110,66.25798160582738
3111,69.20939544834096
3112,41.61759093366193
3113,35.35258751295689
3114,38.113090047044736
3115,22.284174036678785
3116,45.16656929303633
3117,36.04839334604917
3118,43.465659457773064
3119,64.60104131460749
3120,57.62795743659467
3121,46.82200232479781
3122,47.05023035740217
3123,30.335994839706395
3124,47.79220678976397
3125,45.13833518404409
3126,32.49378009480468
3127,34.04365308641746
3128,36.01700087672535
3129,28.727609225149404
3130,25.806883161274616
3131,48.60855135423294
3132,17.63364712923643
3133,73.07852834660247
3134,72.90699330734986
3135,52.178040731726576
3136,74.08996580900795
3137,35.23246044068113
3138,29.54075183212347
3139,36.1655947714529
3140,24.958669578339972
3141,65.83614359132372
3142,50.907249316971516
3143,45.41964847124167
3144,49.754980618284876
3145,21.060365340471268
3146,28.66499438668952
3147,44.26770392086401
3148,27.29163714669231
3149,40.17877052781276
3150,51.31404990346915
3151,34.445463650821836
3152,30.517049454760627
3153,33.69934707120451
3154,38.14186691496384
3155,64.0243620128954
3156,27.59031360655282
3157,26.569735282123887
3158,34.83759293010675
3159,38.91448559813804
3160,69.98766752933032
3161,31.402983397425167
3162,61.90149703604234
3163,52.98287158205061
3164,21.96125360796124
3165,52.47606204184002
3166,70.54673220421327
3167,43.98412175290407
3168,43.94220825103901
3169,26.579252649697267
3170,45.073080051693786
3171,32.91062906896295
3172,54.58091303965286
3173,32.64994027464732
3174,28.86987803109552
3175,52.481725136561955
3176,25.829127742035517
3177,73.42913808685611
3178,41.31478446361712
3179,59.21638556094329
3180,32.00577267635328
3181,75.32517290255106
3182,32.93930373061988
3183,36.418425627183424
3184,28.670410273000996
3185,29.782994624796782
3186,30.854541082719436
3187,71.26649990532714
3188,32.160246231583386
3189,41.92847240148102
3190,63.99409028325843
3191,68.15643648420021
3192,44.71710669794157
3193,81.01854849361953
3194,73.85940536124372
3195,29.91573346423816
3196,29.79879872614763
3197,60.855934640024685
3198,73.15299660491226
3199,73.72582669177359
3200,42.35565945901226
3201,21.696601186042102
3202,25.90532402273014
3203,52.588746353206105
3204,65.85048829566094
3205,60.3252707468948
3206,37.482642033140245
3207,23.16236974235713
3208,31.91085175821965
3209,66.01523585716987
3210,55.98939719445156
3211,39.61778322583691
3212,66.3253675783678
3213,69.97774482090324
3214,24.255868418398446
3215,31.009417719589564
3216,29.143574927754052
3217,47.37726404588553
3218,34.09118742349352
3219,66.67863669878439
3220,75.26728823220667
3221,64.99665433089875
3222,31.4381828500504
3223,45.276027937973744
3224,33.45553100333528
3225,29.98774195435646
3226,23.288858016442973
3227,56.90498111087909
3228,71.73257416672129
3229,43.895291314532386
3230,32.829421561191545
3231,28.938315544263272
3232,33.67887981323008
3233,65.66677523797355
3234,37.080003687390864
3235,43.39704455084714
3236,49.319257446639256
3237,64.58163431916333
3238,59.6141920862301
3239,28.24703897326171
3240,32.06003760211403
3241,28.022710687735902
3242,65.99036967874568
3243,28.462996046846744
3244,26.639361809317673
3245,36.386059824273175
3246,73.27435750698066
3247,49.76401882263385
3248,58.310902020082175
3249,58.69052117966592
3250,65.12431960883963
3251,64.58011010064183
3252,31.910345501147216
3253,88.99478538834632
3254,68.94261898394632
3255,46.47485947073117
3256,71.43879274174893
3257,36.22178047162518
3258,27.233664089199177
3259,40.339349668564026
3260,55.01838533112747
3261,30.66477399336871
3262,54.68681690235013
3263,32.22543084522614
3264,33.45632156956968
3265,36.15767456898622
3266,36.09100385402601
3267,61.31634238527984
3268,67.63805053838665
3269,74.10813059553016
3270,65.40049388110364
3271,34.73279243910766
3272,69.46710728038998
3273,31.133405697689152
3274,29.519611251388792
3275,30.023483728897894
3276,60.6004606343767
3277,80.62636157839938
3278,37.1206856268505
3279,28.464877271925868
3280,72.72520263186584
3281,71.20683624383834
3282,62.94526317348483
3283,25.9181820426722
3284,28.056148734989304
3285,53.69902302521252
3286,34.959760706399365
3287,32.896298326409514
3288,31.499085593847887
3289,54.67674388822874
3290,71.4976364410647
3291,68.14358732187159
3292,28.614849442688243
3293,70.69113356973875
3294,49.022121997857816
3295,28.71766000637865
3296,36.4649058303468
3297,61.762345184270316
3298,68.26442918926438
3299,61.52052918683163
3300,68.79157054061638
3301,79.04498234807929
3302,79.16983575657628
3303,28.417781198066812
3304,32.404523247985736
3305,69.75336722792136
3306,60.032422384021174
3307,47.00313493555695
3308,28.807092697664938
3309,31.044157771016884
3310,28.30254957917969
3311,60.76776562530334
3312,29.01623217277306
3313,48.61329084273091
3314,34.909825267314616
3315,49.702385624837305
3316,67.42392045445418
3317,63.39496413443035
3318,21.986445035676155
3319,31.538140713741207
3320,42.20759056275456
3321,28.57593294670751
3322,66.67169115896428
3323,31.85009143255939
3324,59.79909127488201
3325,34.00261613871766
3326,47.50231596001967
3327,28.008970024072774
3328,69.66722624236024
3329,71.43246863037551
3330,74.10410048413726
3331,34.8838183205316
3332,51.21383777374672
3333,64.29705880581322
3334,66.17827004253056
3335,35.69058231833794
3336,39.84295907416421
3337,58.96050265473637
3338,60.48298588282741
3339,29.693821855620133
3340,44.65421354296501
3341,30.86189840457995
3342,86.38808259150339
3343,68.21311607727962
3344,69.32917659803636
3345,69.25139198303432
3346,61.310560828977465
3347,31.47613556707045
3348,29.869992160096857
3349,26.916823271825326
3350,62.46338924370086
3351,47.67170029041997
3352,68.17108656877097
3353,28.403794413628827
3354,32.13938014249365
3355,28.58061873398413
3356,66.65788628882001
3357,59.11446934985394
3358,56.87049321701828
3359,45.94440692301209
3360,40.89127554588558
3361,51.71037825108458
3362,56.420123550319026
3363,77.69581314824644
3364,39.51119592452644
3365,44.78076827907418
3366,25.630048806551468
3367,52.162526586438034
3368,36.88087117920301
3369,45.803899750262474
3370,36.60378748119361
3371,31.091154130621852
3372,41.23310525256015
3373,65.27452665993786
3374,20.24376558195029
3375,50.41543068602723
3376,46.21406633476275
3377,74.57280666039566
3378,55.268882885029726
3379,29.922635668817403
3380,34.12943958889004
3381,33.76634800390645
3382,63.40837612965737
3383,24.34446101381777
3384,29.468871007567845
3385,30.241839405106994
3386,30.514202943109247
3387,68.79671907487986
3388,56.30791734926396
3389,30.61780145789023
3390,39.015398208972954
3391,33.51239965895283
3392,25.377920351075666
3393,81.94627413668087
3394,72.96789820143832
3395,65.08018982816057
3396,33.986594154667166
3397,33.084113016836014
3398,30.15349496694516
3399,62.406460266696314
3400,27.54190687481207
3401,37.78538255436672
3402,55.007043927283476
3403,39.14106096909675
3404,65.58384174883497
3405,74.23149572257455
3406,41.96422650993421
3407,32.77552305299868
3408,30.7520790566543
3409,69.39660091783263
3410,55.95763109774065
3411,58.3619043119851
3412,45.778588599805396
3413,41.53663793217251
3414,43.63491982308258
3415,35.28647362245289
3416,76.31155263640863
3417,69.28003533056987
3418,26.77717324920605
3419,28.62470187912492
3420,63.40356331982068
3421,34.94557318204096
3422,51.65183122629708
3423,35.54578286325041
3424,49.83247299172942
3425,34.90309771008173
3426,67.53730634665055
3427,28.565575082523754
3428,34.947701450286836
3429,50.24942439945888
3430,27.171292404499162
3431,66.87399586267225
3432,51.16229019661571
3433,54.41209451882067
3434,34.46339824358802
3435,73.1024745728612
3436,44.40094393480205
3437,53.45681234655963
3438,21.108380529074537
3439,71.71376425574773
3440,38.72674875317615
3441,41.28667421649776
3442,33.43331628059163
3443,23.17147297318249
3444,73.38361606003205
3445,33.159945248818524
3446,24.439364351314772
3447,48.8364948149743
3448,57.21486038506636
3449,45.640366342224205
3450,25.315607695969554
3451,33.71890248296854
3452,39.58121866230614
3453,44.8926466417131
3454,74.83186382346145
3455,31.772024814096447
3456,46.98514083990657
3457,67.76029026732581
3458,64.75368500510861
3459,38.48455610149777
3460,29.061177987976887
3461,34.60736351746641
3462,59.668770751136435
3463,71.35639592293153
3464,34.63455264203666
3465,31.034561385930214
3466,87.51742603418128
3467,54.06957051580693
3468,34.43961940128766
3469,29.68056018523228
3470,30.18088948626127
3471,42.04211476142393
3472,54.95496476025816
3473,63.29865807105743
3474,66.24310418161429
3475,72.18563396611616
3476,29.457341150744906
3477,48.597436624829385
3478,44.54521930520886
3479,35.00963204011789
3480,33.02338206666742
3481,30.997957490324442
3482,35.41934084644476
3483,57.673923500066316
3484,28.094724910110457
3485,60.57895874480118
3486,47.46736432254205
3487,26.25072675343503
3488,32.298157036847456
3489,72.0551761646903
3490,74.49508472845378
3491,43.515288546852325
3492,59.453419888815404
3493,75.02329267876505
3494,30.265002602756176
3495,41.86144909043583
3496,34.29203718317803
3497,27.484038340510686
3498,41.98344238256131
3499,46.09053853424973
3500,33.38615009181508
3501,22.89298154020445
3502,73.98308604894015
3503,57.400669192852874
3504,31.362460124485313
3505,40.96434573572442
3506,73.45941475356528
3507,29.874411911693688
3508,34.182184265511886
3509,32.122092751416396
3510,30.164201822874674
3511,61.756361066892524
3512,31.092963418893735
3513,24.405154129696232
3514,17.027540744907434
3515,74.0680502295671
3516,71.96970151705447
3517,25.295483237440465
3518,30.627252324160136
3519,70.20566376788291
3520,74.07780050279264
3521,39.311546099238555
3522,49.63930412790838
3523,34.61306934050399
3524,54.944652322743806
3525,31.197827604154675
3526,30.276326385954043
3527,30.94453672470837
3528,31.77426159112194
3529,47.34814017435413
3530,66.3751682967612
3531,30.127592379799612
3532,56.80971343264709
3533,42.992369215976225
3534,26.681839119941653
3535,74.09165418438174
3536,45.97691814228003
3537,25.875208756796336
3538,32.65766170900895
3539,34.92074804484305
3540,37.90651266318696
3541,32.56618477155438
3542,40.76911960625075
3543,49.158183775719266
3544,34.06854087729164
3545,77.05482854330467
3546,60.84564438019723
3547,39.20127266224643
3548,20.80561177833035
3549,62.98234801316429
3550,45.18195590922884
3551,32.0656838945322
3552,41.11685838453833
3553,58.14118784834465
3554,35.11304838029065
3555,46.09867550199649
3556,44.629852652052
3557,61.09775146039961
3558,74.39256280009748
3559,46.38673135269715
3560,72.92798170296055
3561,35.06564538663336
3562,77.46668102381655
3563,32.27760133394979
3564,37.17937636237043
3565,59.625644815200175
3566,41.93533847249935
3567,42.589533642799836
3568,25.214903184135053
3569,55.89729059235202
3570,45.16295716702846
3571,49.61425259782877
3572,34.9855485527062
3573,56.20581778237086
3574,64.01440756789133
3575,55.363490433918514
3576,55.26035558789086
3577,51.55516992925088
3578,29.270698832344003
3579,37.04717053686589
3580,69.99635842911982
3581,40.40550705679151
3582,30.8926346702689
3583,32.00553375260051
3584,42.57911916690138
3585,29.227748835288562
3586,77.22821266235967
3587,69.52063986771492
3588,68.17909203954008
3589,72.33218358615818
3590,36.75084127370707
3591,77.179857677844
3592,71.68488353717453
3593,27.14005746894419
3594,28.93755718143008
3595,57.15407204772443
3596,23.34827697536349
3597,36.54035218449856
3598,30.72849753282107
3599,76.16474681532532
3600,71.27307150461657
3601,38.715645299096224
3602,38.631158373838026
3603,68.55219500972059
3604,37.787789595046775
3605,68.47106535764375
3606,34.47267848543221
3607,35.90536431286646
3608,64.15400528725553
3609,38.71873669569019
3610,30.42489856417518
3611,48.70257577216348
3612,60.089414880315736
3613,65.17279092384753
3614,47.798387002242734
3615,61.211517307424714
3616,28.9334254144744
3617,63.621318409583345
3618,32.92943046833107
3619,39.22583834260823
3620,54.1463625629175
3621,59.247421531985076
3622,41.76917968157449
3623,58.14358604060121
3624,37.49802001262073
3625,31.440627497296365
3626,41.61242409271949
3627,53.474071033225286
3628,31.10229554292778
3629,66.39830138950903
3630,67.01221997338786
3631,29.617383225866167
3632,49.30281344660345
3633,20.60079411600499
3634,71.5493145332928
3635,49.45933668406436
3636,51.08680513376543
3637,61.343622216817266
3638,67.48836807519214
3639,80.98538286357848
3640,35.816829600381496
3641,54.53928539532426
3642,41.82272770650019
3643,55.16511621164456
3644,28.770145758547677
3645,44.61677296028754
3646,48.775888483084024
3647,61.19190974967696
3648,27.016827716870353
3649,34.85317256750353
3650,28.7366481425853
3651,32.444849386516836
3652,47.42458444499754
3653,32.0175618907562
3654,63.58451397346187
3655,68.52792338202241
3656,37.32895171578317
3657,33.5174701849772
3658,67.43918941094105
3659,49.94484503493786
3660,37.59334982200872
3661,69.75610767468547
3662,26.46745977166554
3663,30.856643838988486
3664,70.78318893225982
3665,29.67113046982914
3666,69.54601608782558
3667,39.08352738828908
3668,48.87423645489128
3669,32.56186927374128
3670,69.50751716015334
3671,36.69586579771698
3672,29.4972394565903
3673,43.924122784735836
3674,31.46932879425962
3675,66.49654200907692
3676,57.82973090076728
3677,65.91951614864027
3678,67.03405074030186
3679,46.25428905321172
3680,73.50758733228267
3681,49.33740216547169
3682,49.581455615363986
3683,31.30129694765397
3684,60.55772824663228
3685,27.108114511675062
3686,51.823605791310364
3687,66.43603746837512
3688,63.68015699286147
3689,68.28103861755503
3690,54.48991939287446
3691,29.891406264108813
3692,74.22129638425095
3693,30.37836912494302
3694,51.23786439033585
3695,37.824682880967046
3696,84.36667726398005
3697,52.781667156006826
3698,27.594276705364855
3699,39.8199337325366
3700,33.750396322378926
3701,52.782799727008076
3702,66.3583897623148
3703,37.314173188827965
3704,73.0974012353391
3705,72.73897461464878
3706,52.61472488048261
3707,35.16190254363449
3708,38.19525085834586
3709,64.9915925476316
3710,45.662643823915104
3711,35.36673849154845
3712,31.130473504722165
3713,70.69166809854246
3714,68.52396448061218
3715,25.85965597013129
3716,37.285828697779614
3717,73.21301871314601
3718,70.75419088832045
3719,61.19329500493755
3720,31.768657323997104
3721,72.72754727634785
3722,49.88697604869452
3723,69.78036161093041
3724,31.892289340635745
3725,37.311205136375406
3726,38.42407010827671
3727,51.0594817512024
3728,29.8903927788059
3729,68.06834541108176
3730,35.16945188708437
3731,39.90352322804037
3732,53.80664650487693
3733,68.29260039135356
3734,65.39745092059523
3735,60.69529324108464
3736,45.08114171129405
3737,74.10442895204382
3738,71.43620529341175
3739,65.19511463476073
3740,36.25233759961866
3741,63.78776947055769
3742,66.32704296056137
3743,41.95402258500447
3744,55.659565787976746
3745,46.97593333677667
3746,66.59469436595118
3747,61.727994104399535
3748,34.54535766720715
3749,43.86060716378976
3750,35.54641175882716
3751,40.95073994297446
3752,31.27098225815185
3753,70.54187530441666
3754,58.72656827297858
3755,35.06600912460383
3756,59.54742981529513
3757,62.617572762199835
3758,41.69194376313337
3759,70.2348236170975
3760,68.84771680709466
3761,67.11466237824209
3762,27.02465264926907
3763,67.76018879848765
3764,39.66893342494558
3765,64.93715814494996
3766,57.31041127899528
3767,38.13125081141455
3768,34.34261472945415
3769,31.038585706228773
3770,29.34399904534641
3771,71.43379000050493
3772,47.40075068483478
3773,50.67829371136544
3774,38.85233887486609
3775,63.0571973026157
3776,76.78790551064648
3777,25.796577299388677
3778,73.35289736033637
3779,40.12928892452595
3780,26.134915208638713
3781,55.571694274492955
3782,33.720260973581134
3783,63.40184453051972
3784,23.634453179003625
3785,44.286581693639285
3786,55.86701478076144
3787,60.53878786730476
3788,65.61869745335447
3789,74.85013600049604
3790,40.53062541740008
3791,80.90019281280237
3792,28.831722730059308
3793,70.75158751911661
3794,52.11514777246624
3795,33.90244154326821
3796,67.48186491049687
3797,71.65784387844131
3798,63.61458474972591
3799,31.675028431911034
3800,38.32980168546429
3801,74.22436618922913
3802,23.052630377308045
3803,34.48845790241991
3804,60.286339606439796
3805,45.60434046041596
3806,77.11200903496243
3807,74.10431443627392
3808,72.15572505672782
3809,82.32421715387517
3810,78.1665837330521
3811,34.32847166315831
3812,67.46696849865965
3813,36.17664594560385
3814,27.025594516494163
3815,72.19014648150221
3816,74.56242625228491
3817,32.11147059408762
3818,43.074711179851555
3819,54.52322233646886
3820,67.34945515033766
3821,42.26277628664654
3822,33.06273322219876
3823,27.829053987853506
3824,66.4504670318058
3825,36.378644301541826
3826,47.51496347858658
3827,67.2185824940552
3828,42.04990825892169
3829,27.933924797692377
3830,61.83104838880693
3831,58.69580258855591
3832,34.33310122386743
3833,26.787770440072755
3834,38.94677838171874
3835,73.3832606477574
3836,50.574877102138636
3837,41.629299334147596
3838,65.43261185913858
3839,30.041818977013506
3840,71.74869730482632
3841,53.69944950981368
3842,41.021784463408
3843,34.2099000739492
3844,68.33101579541116
3845,43.90543002148946
3846,33.165691102376535
3847,46.25916035108456
3848,39.97451187187603
3849,24.036148487974767
3850,48.010211507565835
3851,37.102990765627446
3852,58.238416644476935
3853,44.29049168412003
3854,45.17856816137197
3855,28.175226754468017
3856,29.072442691462697
3857,64.38427410843146
3858,34.705552603241244
3859,60.54689766247034
3860,45.03168025277271
3861,62.947267457894824
3862,55.79016417221207
3863,31.817781440527117
3864,55.104175333308426
3865,64.28766756543288
3866,33.16877339832335
3867,70.06011892848926
3868,29.214813387782367
3869,43.60333950735495
3870,70.43421838157235
3871,39.95639216516907
3872,33.58628865965463
3873,59.035194973674585
3874,32.554466874142705
3875,27.854151435831348
3876,29.94102683865088
3877,54.06227937252542
3878,63.091046784997324
3879,48.718865033397876
3880,50.96524996892124
3881,34.88027896195103
3882,44.4863329993474
3883,32.540597448456666
3884,43.854288580896196
3885,89.28096070993678
3886,35.82433960798555
3887,30.584649993106694
3888,31.024429923285826
3889,20.86569585027
3890,85.34371656910753
3891,72.77945021772697
3892,37.005353468708094
3893,22.508641076254612
3894,32.61608194957236
3895,59.8730271870035
3896,30.97665342971039
3897,30.429767159353574
3898,32.57171999190339
3899,44.89500963352564
3900,27.090180037210178
3901,46.08025974616204
3902,70.39392466779582
3903,66.80728152594604
3904,39.18461231713842
3905,27.270473098409994
3906,74.93228073628418
3907,49.67270596450032
3908,30.845949643772123
3909,62.571340756289665
3910,49.39680076622131
3911,52.578549092470325
3912,29.432637400299267
3913,54.74752283079313
3914,67.89791601475338
3915,64.17053287271983
3916,71.59250440209173
3917,61.05036671113674
3918,44.31794662067294
3919,29.295977708991952
3920,28.790728167475784
3921,31.154398882918414
3922,51.588971885778555
3923,69.32232351174919
3924,71.00418772613024
3925,30.50800006163193
3926,68.83002916150292
3927,66.38144069496192
3928,38.20648654157474
3929,38.45982672350583
3930,54.04958962367366
3931,52.13280903849099
3932,38.18016847110619
3933,33.36501984807786
3934,44.28203578848208
3935,29.859398867679865
3936,32.91335487806487
3937,81.66535796370634
3938,66.309545845628
3939,35.7910440233494
3940,68.08251574580808
3941,33.126069942670625
3942,62.814082421971214
3943,27.336213473693007
3944,54.44950403173932
3945,56.02012646793704
3946,47.24499879904125
3947,30.035537411441588
3948,45.095436371748306
3949,38.26592106528325
3950,61.91738676848936
3951,45.90189349529791
3952,29.57130094506843
3953,49.933624334868156
3954,29.410862510609707
3955,60.1570464866891
3956,39.721414211075654
3957,70.04665417640143
3958,28.272600266864544
3959,71.69157671002235
3960,48.75367200583662
3961,37.75962234539915
3962,69.10858918515187
3963,33.76254082885279
3964,43.03339646228212
3965,30.179883546815226
3966,63.1425089685578
3967,36.012130200616134
3968,43.83646008407001
3969,56.35266131283239
3970,28.792250750099825
3971,37.63961588495021
3972,65.11374505923455
3973,39.64380769545296
3974,45.08357720748359
3975,75.2245312341465
3976,71.0248547716842
3977,57.80415955615412
3978,66.02062573940631
3979,55.426507888580346
3980,64.15973315650987
3981,67.92143080442833
3982,45.361094033330076
3983,51.50999328395559
3984,56.75426470138249
3985,50.30222292753972
3986,34.35716809363134
3987,33.17970904995241
3988,38.37857788048201
3989,42.15232414796807
3990,33.986926934054026
3991,35.081814327165816
3992,65.62417886224736
3993,28.30573176213158
3994,59.38810757580504
3995,22.747522258629637
3996,34.86125239222838
3997,30.23439642213682
3998,45.67183689792001
3999,40.84909993708943
4000,58.99158625871151
4001,35.19865343725777
4002,32.74306117136742
4003,63.52030401228429
4004,51.338626857697875
4005,28.315768807396022
4006,27.138132457738905
4007,26.879669932738743
4008,37.138834640784786
4009,65.98496199456825
4010,31.244885307153975
4011,72.49418079034321
4012,28.42434022954761
4013,37.203988388116414
4014,31.12604311615423
4015,45.13638219514947
4016,55.03870026591763
4017,40.785536077403364
4018,27.853976663128442
4019,73.45233823061395
4020,26.40956274802479
4021,56.49889088526035
4022,28.551803377843473
4023,29.185477595149308
4024,60.720812885569366
4025,31.233948130870704
4026,58.597365496900395
4027,67.73508735665806
4028,25.83352231997955
4029,68.60059451177861
4030,26.7442880264403
4031,27.544477486639476
4032,45.69117315937349
4033,38.61049700447701
4034,36.22959703341432
4035,52.30513850115111
4036,46.83498037726803
4037,33.73752793594466
4038,61.84120957579291
4039,70.02794834858358
4040,42.245880745454464
4041,55.795647041774075
4042,44.22179916494149
4043,63.46967248931823
4044,50.51064319460376
4045,72.88285363346813
4046,68.40899978060796
4047,42.11957662997132
4048,71.67674564071565
4049,66.39634552570155
4050,67.22255385345069
4051,34.40569534446118
4052,58.29526896294156
4053,33.50778593720898
4054,69.97028009948163
4055,45.058883057494874
4056,33.44243200496636
4057,36.63810071494159
4058,25.029317000138956
4059,61.60472025862893
4060,66.96482481071575
4061,45.785662376784195
4062,69.89717952111289
4063,67.66898415069758
4064,30.131773741143657
4065,51.07972313175146
4066,64.86888402024667
4067,31.902498156820105
4068,34.95128576825591
4069,23.884116783621536
4070,31.923927259820207
4071,37.758022071733585
4072,32.298119474563535
4073,37.88695743718596
4074,31.32229157711559
4075,48.78221380836053
4076,26.677291792696657
4077,33.78340787772141
4078,42.479625716581495
4079,33.878554206231144
4080,30.232902499721302
4081,30.07395939618781
4082,71.97310277219371
4083,38.70451081527105
4084,32.87215881602373
4085,70.98770781775715
4086,61.67807671353981
4087,25.18688890910969
4088,51.26745383437188
4089,70.10188699795862
4090,35.27520622309501
4091,65.87365272483903
4092,31.378804896810276
4093,22.614779316026826
4094,58.63158351896771
4095,33.02805574749196
4096,51.97894438516215
4097,35.24920385970546
4098,67.15021173309741
4099,69.54934829478006
4100,66.15739232378672
4101,73.39641305976812
4102,50.301035570459554
4103,30.20906367272195
4104,63.764192988710214
4105,64.37055965574187
4106,68.03801752985768
4107,68.96906944298237
4108,32.14128472837535
4109,66.44380854809916
4110,37.183312859070234
4111,37.41381909353379
4112,47.54532845079772
4113,33.55612725040056
4114,72.59688617754428
4115,36.90294038591399
4116,52.68472556721915
4117,47.520917590802874
4118,25.336564562062748
4119,34.19401723254157
4120,70.85136075695911
4121,21.89652712280375
4122,57.13776531189457
4123,38.92735755342114
4124,52.07638946109456
4125,35.947374106435724
4126,40.673607786017975
4127,48.00568382848979
4128,37.05173924627786
4129,37.71580104420987
4130,70.25335609551394
4131,72.16392647154099
4132,33.940103640887756
4133,51.26785056286438
4134,63.487223964418604
4135,22.052876636836423
4136,41.17337562114568
4137,68.78990595521512
4138,33.6527107347845
4139,88.14979827576039
4140,41.375366008914476
4141,72.866246707792
4142,24.88966972555676
4143,57.631741008727964
4144,29.789253140638213
4145,40.70070030044739
4146,43.89332951345012
4147,38.771129186119424
4148,60.31092433324534
4149,64.53489721446779
4150,55.87053466629921
4151,36.567976377506334
4152,37.02566603475463
4153,32.641427710016856
4154,34.8474809511233
4155,54.99530638443828
4156,62.15724789405332
4157,71.44891802775521
4158,69.38546741542146
4159,65.04423000293247
4160,52.29146228897198
4161,45.344674512105826
4162,45.869211576253505
4163,63.32351139126342
4164,70.61933268941664
4165,27.753797892927487
4166,22.153392297022982
4167,64.13047845030991
4168,35.76128094528831
4169,43.858577099381634
4170,38.94544944143307
4171,28.150670122055384
4172,41.147991585651326
4173,49.39764438876755
4174,35.392437700547035
4175,69.22512825774079
4176,54.79166926423171
4177,70.16290752450767
4178,48.518559258602366
4179,64.46170976279939
4180,46.776182506105926
4181,47.95445272847061
4182,81.94733572592429
4183,50.08800668916105
4184,27.071687007409405
4185,20.658804402194775
4186,26.102609553312654
4187,57.86532487004675
4188,30.408586393046566
4189,71.3482038380185
4190,73.6432046023339
4191,34.848349703027594
4192,53.48172335559251
4193,36.00185550955882
4194,50.794577565389055
4195,72.40250030728154
4196,65.8715907424471
4197,54.534791854591724
4198,52.245960850323996
4199,66.41624583144551
4200,27.08044376304618
4201,78.98413778169638
4202,56.98194425216972
4203,68.93415435808872
4204,31.259077372285667
4205,29.82250208686024
4206,70.02484589171902
4207,31.221341566835264
4208,78.09640260548758
4209,49.47352059850192
4210,50.89354708492765
4211,50.442835995946474
4212,74.50326859551525
4213,50.32276997966015
4214,40.291118322872734
4215,57.41513853511627
4216,73.41428955433865
4217,29.562597742787492
4218,76.36311318435915
4219,33.35302987844973
4220,48.9970913358979
4221,30.35943985844268
4222,70.35636759214677
4223,73.67293420233152
4224,32.86785319526231
4225,30.793371523191055
4226,41.411716929182056
4227,34.60254096594708
4228,30.91554837663504
4229,69.04565226013975
4230,26.08927865756312
4231,38.96522992399419
4232,24.527761447423416
4233,71.35035938452685
4234,68.94933193153405
4235,53.80723333692274
4236,55.74961147703365
4237,35.972323339707714
4238,75.22030164691844
4239,73.10675913266432
4240,68.70751738774274
4241,86.94245399624856
4242,86.73717332695537
4243,37.008310230407716
4244,34.84367873785131
4245,64.25118050064458
4246,52.447137653119675
4247,31.632293549705626
4248,32.9998298850812
4249,71.90007757022425
4250,36.477798270795915
4251,30.075905804161913
4252,28.229675166247503
4253,32.277527470018995
4254,66.71941601366223
4255,67.96313264778667
4256,27.16135965555238
4257,66.575214662625
4258,59.446971541847894
4259,74.25093943940246
4260,73.73440608439492
4261,38.584440170192515
4262,29.498911715813925
4263,79.43524026599454
4264,58.806720067637265
4265,34.196993902072506
4266,38.69950612596321
4267,47.49694473408796
4268,38.7771197167413
4269,33.410322465431065
4270,79.66246182863989
4271,42.81339687948417
4272,69.7767942098026
4273,42.66342556680302
4274,46.36195846747174
4275,50.002903120151714
4276,69.4429889086029
4277,31.90727485270915
4278,59.12473160769723
4279,34.384443853763315
4280,72.55621668977506
4281,63.67942113281735
4282,31.980186237114065
4283,19.270532995372847
4284,68.79650617823984
4285,31.560428277256264
4286,32.81281998617212
4287,36.004867670260374
4288,37.732065990243186
4289,34.570203628543965
4290,52.59493536499761
4291,43.10512863197161
4292,37.52938663625423
4293,63.56008271348014
4294,34.72832319217082
4295,50.8932206534335
4296,70.80159298577775
4297,43.65428071885827
4298,26.880695359574254
4299,26.307542719590323
4300,51.48644492543561
4301,57.29632117268403
4302,51.18090758708579
4303,32.772141089322076
4304,29.79626071298393
4305,58.46524854198174
4306,29.36796776235604
4307,71.47019452021647
4308,30.565068059787464
4309,76.33878794046656
4310,29.735446079402696
4311,29.965188840022833
4312,58.72785089767841
4313,41.65750429287831
4314,26.11549298977514
4315,60.938092294815924
4316,27.05632444948979
4317,62.345383458806175
4318,56.30185054254147
4319,42.152259101379066
4320,50.96095459533579
4321,56.37776125970477
4322,28.03182378813718
4323,67.95998230725037
4324,69.37925892518022
4325,30.774226885964513
4326,23.502307519465617
4327,42.45483601961855
4328,33.957460131066675
4329,71.35875933129446
4330,64.61721128709905
4331,28.0597708469828
4332,40.966901932201495
4333,41.71543711997165
4334,27.0195133253868
4335,76.6378201486865
4336,36.117723044423926
4337,28.096400655474945
4338,21.34689264352362
4339,43.40815054895559
4340,69.54867769148633
4341,27.90448094750812
4342,32.04467418524446
4343,31.353573261666313
4344,56.822714796655916
4345,34.3666614930479
4346,71.6076285056518
4347,32.34730487453496
4348,52.016150536753
4349,70.30352314756527
4350,41.5049009255307
4351,67.6703080759026
4352,42.142619252999026
4353,34.47799635269281
4354,35.45444926026021
4355,41.63709240693536
4356,69.18926378138632
4357,45.99312527728317
4358,30.009428336024094
4359,53.85205388077676
4360,38.99677792741578
4361,30.593365917115126
4362,28.105396530324096
4363,79.72858559036308
4364,26.582198933080978
4365,42.90341991032787
4366,34.32931207987987
4367,72.1849882548718
4368,56.90263890062404
4369,56.99428278477579
4370,44.04297514848673
4371,32.6222262003008
4372,33.52441391950635
4373,57.65580104363511
4374,31.84861985965896
4375,40.871355488442454
4376,55.244511909181064
4377,36.96616328131072
4378,54.76665388413962
4379,71.49642729429738
4380,31.87053724843678
4381,37.66993136438129
4382,50.93658788464198
4383,53.101392085799276
4384,35.57922188774572
4385,37.72299686850501
4386,52.636357405306015
4387,59.66325503776557
4388,29.34668533365896
4389,72.77769906356727
4390,41.800044692585125
4391,75.08958041032301
4392,37.80217003207914
4393,50.08618294913945
4394,72.6858211019262
4395,20.52103207505619
4396,30.91498889315606
4397,59.396793920178936
4398,74.96555539277209
4399,75.12975111490859
4400,31.615217620785515
4401,63.65870893047028
4402,32.08240010942205
4403,61.10167734038655
4404,37.27221620917257
4405,69.57639577551286
4406,32.57054433420446
4407,68.78527208754195
4408,31.851845970755193
4409,46.68293886352921
4410,65.08679340769584
4411,29.932221015242476
4412,35.41685304805139
4413,64.06732102381534
4414,50.95960941785604
4415,56.17307506667977
4416,69.90099145988876
4417,35.47788961734031
4418,50.58090434345607
4419,28.41690682950948
4420,39.48062847150675
4421,29.21489637998571
4422,74.01027903738662
4423,29.5252871102937
4424,50.84664019998305
4425,44.40090809212494
4426,47.059189787910874
4427,26.274762459014703
4428,55.2925058475249
4429,61.95008009386869
4430,52.4666674152553
4431,32.759866741688406
4432,40.99474323132217
4433,50.568290115439794
4434,70.1764192919293
4435,24.61150034026252
4436,33.29830246168919
4437,74.60642803992982
4438,29.42019727928857
4439,43.68531092030269
4440,33.55664724516916
4441,30.675812044922857
4442,77.43094116198509
4443,57.92115203589229
4444,52.81011976080576
4445,29.15043497760219
4446,42.252852248162505
4447,72.06450017087859
4448,43.19301794462117
4449,31.22998143029368
4450,40.2640266348999
4451,43.31869571774603
4452,70.60067449529478
4453,50.334794531743505
4454,86.8970026642117
4455,50.119213131635966
4456,60.9400321889971
4457,31.140565839862713
4458,45.30832652839875
4459,31.363221620466422
4460,74.52801717279175
4461,74.48301784568412
4462,26.814839898983138
4463,77.5100642706573
4464,73.78260063028537
4465,44.586046625490134
4466,32.42496123984088
4467,31.155494057403658
4468,62.42357366002967
4469,74.53280800146958
4470,26.00556887163481
4471,57.21170407467724
4472,38.0759164477565
4473,21.77117236340735
4474,29.878557580722475
4475,58.8593766526138
4476,31.88776527078644
4477,39.80873293499508
4478,55.857915167080236
4479,34.28747531570014
4480,27.442138872663666
4481,49.559879272221416
4482,48.79711059254728
4483,65.53740395186028
4484,35.07737178044638
4485,30.879416201128183
4486,25.784886761399626
4487,75.08542352228045
4488,67.72170818759223
4489,35.85014280558111
4490,23.70152545204645
4491,48.38101780253618
4492,23.11486498925337
4493,52.75018922986552
4494,25.594827036347937
4495,49.44306340203144
4496,29.23802879420272
4497,44.37402940151796
4498,29.883998992259382
4499,59.00414189846056
4500,21.92105068769234
4501,30.410624971498315
4502,70.8934556878524
4503,60.58825066439776
4504,71.68126519963803
4505,32.67881360384541
4506,54.77421946985032
4507,48.693204212281096
4508,35.83330860323935
4509,75.06182556899495
4510,41.12575907938268
4511,51.41093843960032
4512,36.11285340194631
4513,50.0966628108745
4514,52.30737589322601
4515,52.20221319993607
4516,66.75083490457314
4517,39.04489913043251
4518,23.341558992867302
4519,28.777485047534103
4520,29.205684851471023
4521,40.80901695875319
4522,42.79554557195365
4523,35.66641630551305
4524,46.96888291231124
4525,29.23778314439533
4526,33.110737287388275
4527,31.31291215421564
4528,28.499269470610283
4529,68.31649770561134
4530,48.06301037050948
4531,52.4606622203184
4532,71.60178841576055
4533,31.065762491301484
4534,36.769287759630686
4535,33.21532688098508
4536,57.043652814171494
4537,63.37279364077783
4538,30.128711103632114
4539,32.032904077525274
4540,66.72927360741097
4541,65.88107745182432
4542,28.303603150055867
4543,24.45337450484826
4544,30.65309127745747
4545,64.94265570400268
4546,80.91611563206493
4547,64.42788161756337
4548,72.15893077765796
4549,73.27164008704071
4550,51.4092818945329
4551,55.69628539033254
4552,35.8546762641019
4553,31.35557793726903
4554,47.71072155716269
4555,44.37762187120653
4556,70.5154450896361
4557,50.062284148127496
4558,33.94605613586826
4559,55.24057946058001
4560,31.26553216551949
4561,32.003148452894095
4562,63.3418912606616
4563,33.93482000696443
4564,29.469043633130326
4565,57.68878643021634
4566,35.99152594058107
4567,53.91478499201252
4568,53.08084382698178
4569,59.9799661834106
4570,29.218125203488846
4571,35.790518237819796
4572,24.21624435680957
4573,70.49746613571364
4574,29.264738635518285
4575,30.995429850785616
4576,39.369092322529326
4577,51.538091237229295
4578,76.49711220350628
4579,28.249806694176417
4580,37.018024706363136
4581,53.43396399015186
4582,45.71175706335926
4583,81.5794271000583
4584,31.310225860687428
4585,61.378194169385694
4586,28.698043387826047
4587,31.531915974808527
4588,52.737338220149354
4589,62.368619761136344
4590,67.57944461982402
4591,37.01872347623164
4592,66.96949922255868
4593,69.1589174328952
4594,21.47517592356979
4595,31.157050303078755
4596,50.38310673082323
4597,26.350815337642622
4598,33.33120506238343
4599,33.32827406388369
4600,72.63893153650662
4601,31.488492764852342
4602,38.44389179328638
4603,57.818240735666265
4604,65.64420553444768
4605,74.13285577395543
4606,46.90535136737407
4607,33.596519125999144
4608,39.503309747396
4609,64.31401280257194
4610,35.15270404829382
4611,28.771552293184307
4612,41.48488779774322
4613,36.40519460791603
4614,34.29135316026282
4615,34.70391963338879
4616,66.30449263269261
4617,35.550487096467386
4618,87.52437120162958
4619,38.15252678283221
4620,37.59425823636886
4621,32.78587303254777
4622,47.69458393491433
4623,27.36681565793428
4624,41.67414558041559
4625,72.67385541481235
4626,61.221504952525926
4627,77.37690886723149
4628,67.31967455844185
4629,33.32102330727659
4630,71.75640122708435
4631,73.61369620508775
4632,43.07284900497243
4633,31.54288679033867
4634,61.308421938731385
4635,41.385225360448494
4636,35.22421737116814
4637,37.30617169501124
4638,63.61493892397341
4639,66.60591850249793
4640,33.90344371449238
4641,66.37208694023894
4642,35.127589670536025
4643,71.31557004597258
4644,36.4638532445035
4645,23.511490940635174
4646,73.27340040129472
4647,68.75456110395437
4648,34.98776683246904
4649,29.825723485787616
4650,43.96941836651028
4651,40.739372240558396
4652,40.35431132262094
4653,69.46356317527767
4654,78.40458884034723
4655,43.50277554160877
4656,36.56893425997292
4657,33.81038147162097
4658,29.993586978494097
4659,61.97460195586618
4660,26.430747613060856
4661,39.24470396576818
4662,58.87314798220448
4663,51.02517862929537
4664,75.63650316530038
4665,34.61125276049732
4666,76.5434828492054
4667,27.295786285965768
4668,21.9585343317526
4669,40.14497031823342
4670,41.176403410489904
4671,58.55976706756566
4672,42.58542352480138
4673,37.30466441529731
4674,57.38434930737858
4675,49.74611818633963
4676,34.415929059815454
4677,75.0513149620374
4678,34.26430444104962
4679,55.64619299188299
4680,63.8464787165087
4681,32.71188532666577
4682,67.86217625961625
4683,39.3775746805977
4684,64.25641904817421
4685,38.030696393277026
4686,68.23800377284476
4687,67.2128870481142
4688,43.53673360595196
4689,64.74965160973603
4690,28.830890306075702
4691,68.355135893453
4692,51.82395905131945
4693,29.496236329173072
4694,71.95310756708399
4695,71.45629843372512
4696,59.11431623133671
4697,29.78150860230989
4698,47.25737397591519
4699,61.960309869172846
4700,67.47339671228673
4701,36.588268214126806
4702,34.87247282480606
4703,32.89790506724148
4704,21.07839829860087
4705,43.61615018010767
4706,34.38311714648153
4707,64.13020868162016
4708,29.839858167570018
4709,35.48837440248171
4710,30.245504953031606
4711,28.858672293338334
4712,59.04125224143865
4713,34.064329414283606
4714,41.89401807451763
4715,76.45075616922496
4716,36.31608153367357
4717,70.74225135623075
4718,32.065872702720235
4719,23.30759740903081
4720,69.70294331701426
4721,33.892423795279726
4722,34.70821125299858
4723,23.996735575816356
4724,33.03559817178646
4725,27.2480347271598
4726,33.78869333059759
4727,64.20740523829804
4728,72.53819633561919
4729,58.93632441301396
4730,71.14136331852544
4731,58.900128301560656
4732,37.99505606400257
4733,36.03282237065858
4734,44.56366936523878
4735,30.01891625441754
4736,37.17126095201904
4737,69.24894417156162
4738,29.10211596050455
4739,77.60076853633934
4740,73.19764759453906
4741,27.887773866825473
4742,34.26430404457808
4743,69.29472139688484
4744,52.36898860173065
4745,62.435770639525344
4746,48.26931509810743
4747,61.86614653101764
4748,47.517072462830605
4749,71.11144764505006
4750,30.48900537792507
4751,38.133474166153285
4752,34.450554410258505
4753,69.60066553790038
4754,86.48016536724055
4755,32.55054527368788
4756,57.533305018833985
4757,36.325626929104075
4758,67.15591990279275
4759,30.22528201709052
4760,47.01011174650246
4761,69.80500553472163
4762,32.441128863167535
4763,71.10473372462437
4764,39.38268867694486
4765,24.5596891894633
4766,31.985808770637153
4767,36.05786538383535
4768,28.760361552822875
4769,34.709221406789354
4770,33.1353713573439
4771,31.761732502456205
4772,43.5960840959311
4773,74.6536773877178
4774,44.4272933237752
4775,56.13942905868136
4776,64.63880476132891
4777,30.79807132016925
4778,35.857883654963146
4779,61.76024534242384
4780,43.14316797634919
4781,69.23293399488949
4782,29.72315535138831
4783,35.84121586476186
4784,33.59886809680424
4785,37.05948076931183
4786,31.192759441524828
4787,68.34368975471975
4788,61.55194928496969
4789,74.14265910007691
4790,25.445069001664763
4791,70.7021471371024
4792,58.31178565796029
4793,33.96317014259833
4794,28.04877240834993
4795,31.884837475543257
4796,40.674086451126826
4797,23.871477686085594
4798,37.509181869565346
4799,53.246900999725405
4800,62.466000040100916
4801,25.043257585521935
4802,27.703867414789155
4803,33.28664922345582
4804,33.171145140027846
4805,30.243748133335387
4806,27.30718221696905
4807,73.01680433098313
4808,32.75791013842466
4809,84.69746050177662
4810,61.600195004032145
4811,66.64133096224181
4812,25.862543839724275
4813,30.998095033068747
4814,62.52108741763861
4815,53.09532873231721
4816,52.57815862141937
4817,55.83035433470926
4818,34.92976960776643
4819,88.98150135993195
4820,29.881899710696715
4821,34.16178765945345
4822,49.83981453408519
4823,57.30302336437588
4824,36.17390038246884
4825,27.754535276575204
4826,50.898478110763584
4827,27.333217502868088
4828,62.349264076678494
4829,32.75785208824369
4830,69.12296178400027
4831,60.7342787107387
4832,71.0865679640511
4833,28.737611771933622
4834,26.515119707528438
4835,25.539615872288163
4836,19.965556115690656
4837,28.151444356639047
4838,58.65558294640224
4839,82.7575813928456
4840,45.08819501898492
4841,54.23354616806273
4842,33.66864153873944
4843,35.446594047484986
4844,39.63128931012282
4845,29.791214685716046
4846,48.190069824493065
4847,69.87885402754614
4848,72.33989735935819
4849,33.03265085012651
4850,27.80047594361564
4851,36.456620446153366
4852,57.86148345990505
4853,22.121777025977956
4854,30.789683537327463
4855,50.028620679936964
4856,71.71736501548992
4857,41.47674563374146
4858,38.61695135019333
4859,36.66533138645722
4860,40.24117681613356
4861,35.189590598180175
4862,31.14045820716015
4863,33.38373624360992
4864,66.24472768905979
4865,34.957724948542776
4866,71.50733914390105
4867,38.261380318372204
4868,37.5215458682319
4869,50.26836720229811
4870,36.26009976585105
4871,70.90716776103815
4872,60.89279243621357
4873,36.075101769103554
4874,31.145323318586918
4875,61.534879659531
4876,62.99382946882779
4877,33.32689363028496
4878,77.2653409989064
4879,72.45998029893472
4880,33.570616988507254
4881,46.097979016761506
4882,36.87882696570658
4883,31.807285057169462
4884,37.142186021209625
4885,62.86814906555948
4886,73.29795209840549
4887,41.027775187981916
4888,43.74554625248749
4889,33.60696279802695
4890,42.803386464281274
4891,47.79271482295735
4892,26.34144693477832
4893,72.8142525130858
4894,35.01414125159967
4895,30.756893567997814
4896,39.48316509035647
4897,62.34167927805983
4898,43.89197163135067
4899,72.11532171027297
4900,41.23241849252467
4901,63.90622539439575
4902,50.80027594523459
4903,62.08169038881853
4904,53.22611062987615
4905,63.65230247172222
4906,69.78366295833918
4907,34.97309640387861
4908,27.864058401314534
4909,75.93875762140351
4910,44.17984549516273
4911,31.569307866060143
4912,32.00072724702265
4913,73.39762855746321
4914,27.772190438616995
4915,38.01786620740811
4916,41.119472455429445
4917,48.01223432939361
4918,27.349123434444387
4919,68.39786212236609
4920,26.127532165371186
4921,36.1568946316741
4922,34.313429334943976
4923,62.138953362077075
4924,35.1916372915629
4925,47.255632102943295
4926,75.24441801780489
4927,36.617461015846885
4928,70.54188577454443
4929,84.22414696452239
4930,30.18562866791097
4931,48.03214283538162
4932,41.62162015408463
4933,59.23943111043488
4934,32.79198727321862
4935,34.12696414464504
4936,64.83719000623962
4937,28.97140845970109
4938,74.21636808630862
4939,35.348661556583586
4940,42.354257762166554
4941,63.94638916600289
4942,41.41806145012857
4943,64.14177631290136
4944,29.149193526912875
4945,77.44856987629541
4946,26.182287569558852
4947,42.945180959802045
4948,29.98742001639398
4949,39.001215727157415
4950,31.239793123342977
4951,17.32997544865915
4952,41.188600796281506
4953,60.42952555396187
4954,38.09841412526873
4955,71.28572329162574
4956,43.18057544689007
4957,28.900516716185354
4958,55.85187187460139
4959,39.77072428128769
4960,35.61450116396069
4961,29.57430021850133
4962,68.82417899420518
4963,39.689116143296694
4964,44.05770226678469
4965,69.33728569945342
4966,35.15371678890597
4967,46.76818854415852
4968,76.8535395763291
4969,71.596928705396
4970,72.12489686983082
4971,61.046918106446526
4972,39.938290040934845
4973,24.978404889372317
4974,69.116620586999
4975,30.23172308295294
4976,40.17049045325827
4977,26.481624891444117
4978,53.81997488698769
4979,44.57610947595437
4980,71.89849087078841
4981,33.30683859817043
4982,31.572614545464383
4983,40.18752018930408
4984,38.28402904759019
4985,59.8749644998087
4986,74.2937961830531
4987,26.13254254154969
4988,51.494049331449865
4989,45.00051743062763
4990,60.71262646774494
4991,68.72311574327583
4992,36.108628385625885
4993,26.908989098971347
4994,46.188218492163855
4995,34.90381275414835
4996,61.09377547249129
4997,59.067883666029125
4998,41.75349025529188
4999,100.0
