ID,LoanApproved
0,0.9900839698724246
1,0.007066098759993073
2,0.9997728821335251
3,0.9998549227155208
4,0.9994119207016484
5,0.0003400552832345726
6,0.999825007265541
7,0.9996646419227408
8,0.8797014755221234
9,6.0248351011618244e-06
10,0.967774619893013
11,0.8996330515255982
12,0.1397014243329099
13,0.9998755856623416
14,0.9846693022488765
15,0.07906306132114109
16,0.9999999829186924
17,0.9921993465389852
18,2.096192544269258e-06
19,6.952113315026341e-28
20,4.512865040484477e-05
21,0.9997269299208967
22,0.016266344605799864
23,0.7302459112426755
24,0.128305104980723
25,0.9999338718892143
26,0.9988941189018221
27,0.9996160178652792
28,7.301192727136921e-05
29,2.208944402634544e-60
30,0.9813705832886754
31,0.047272349719258436
32,0.9753463269082278
33,0.9552825457549491
34,0.9933506510459612
35,0.9999326652811086
36,0.005503377168392598
37,0.09330258863510658
38,0.8099538374584456
39,0.0009111640338347527
40,1.397150061810153e-06
41,0.6936117130410769
42,0.009141839024169082
43,0.9999857894143445
44,0.6921782967418832
45,0.999320496999441
46,0.9680665419027928
47,2.7459420737159525e-07
48,0.9999452923146451
49,0.9999511301465429
50,0.0008615201818204702
51,0.12918484436177863
52,0.0951747611048569
53,0.9999933789405331
54,0.9289379130249265
55,0.6595871993494411
56,0.02074535415934744
57,0.9998430299770389
58,0.9999064843924524
59,5.595904662106958e-11
60,2.7348519150482626e-05
61,0.008733817937414946
62,0.9930906972208189
63,9.262534774357093e-05
64,0.9983787580535667
65,0.9794804326091634
66,3.064689094515352e-05
67,1.5514670721495659e-12
68,0.9998103870422028
69,1.3288827065231552e-07
70,0.9999686280886945
71,0.9994684245457299
72,1.5390012177255376e-06
73,0.033942987739408945
74,0.017690943541678012
75,8.546990485287754e-07
76,2.434074977529468e-06
77,0.9999804601204727
78,0.008944980455863116
79,0.006088699045888052
80,7.154079553607105e-06
81,0.10074034566281007
82,0.0010116923717667658
83,0.9936943792959122
84,7.390111711416601e-06
85,0.0004615963591494141
86,8.194943736864947e-05
87,0.9999973150545898
88,0.9791196522416592
89,0.025491302357141192
90,0.9652223976317122
91,0.9601838090458743
92,0.9668477635898612
93,0.9999526427531109
94,0.9475566557800864
95,0.9997909687523833
96,0.993597213190651
97,5.21770729702237e-07
98,0.7525986174773003
99,0.012070157634367135
100,0.9999507114232218
101,0.9996922236038754
102,6.352912610645524e-05
103,5.801747514620223e-18
104,0.9998992368632208
105,0.00019011748538839507
106,0.008690300046589286
107,0.0001286784785982648
108,0.999056066821155
109,1.4969384573663704e-15
110,6.436496672918687e-06
111,5.498115895921109e-07
112,1.8413202314722e-11
113,0.0005295635258309877
114,0.0006451767987290557
115,0.9796238746410056
116,1.397559421117073e-06
117,0.0002891153072735661
118,0.9712471232800525
119,0.8861697802831687
120,0.9999896613219599
121,3.128508434722285e-13
122,0.8885254938458084
123,0.45734082143640886
124,0.9788246871460171
125,0.0011695207063002993
126,0.9999999999970914
127,0.9999135923289617
128,0.9994983432960912
129,5.369769265730002e-06
130,0.9987676130839643
131,0.0001869464721408314
132,4.4950500717522316e-15
133,0.0005352955136560782
134,0.9999998811806631
135,0.9471547146752606
136,0.999998883735084
137,0.5478390151141243
138,0.9999908087808791
139,0.8512373796639537
140,0.11728188245942968
141,0.5974781024883067
142,0.9999756796832824
143,0.9998958719665301
144,5.59217422616667e-06
145,0.9999462315867222
146,0.23420936970749556
147,0.0004213494403001234
148,0.00015445510991836473
149,1.0374227646079412e-05
150,0.7860559876712341
151,0.9253003953385416
152,1.3282229483365947e-05
153,0.9026967752903471
154,3.1260994083010874e-07
155,0.9999970226983373
156,0.010385244295442641
157,0.01247300577528316
158,2.9321862553863076e-07
159,0.0026392957674075193
160,0.6816540564214467
161,0.798068562787686
162,6.352370520346982e-14
163,0.8995990832039635
164,0.9877892131028132
165,0.010936453977251659
166,0.5786291504359766
167,0.5911264657842756
168,0.9976073038785609
169,0.9903125660376753
170,0.9229295302935818
171,0.3837462743459567
172,0.060428543999126366
173,0.9370498008996895
174,0.9803337492263423
175,0.04199085014605829
176,0.3538506072661564
177,0.9994190750563968
178,1.0
179,4.25672208715959e-12
180,0.31990720282758783
181,0.9999640195939048
182,1.762713232645616e-05
183,0.052711870152446924
184,9.921248751385406e-05
185,0.00015671671397184654
186,3.0704579586159406e-23
187,0.4442383738623043
188,0.999967432746199
189,0.9999999998387363
190,0.9998972407865774
191,3.602101151143423e-07
192,0.23611459909726218
193,0.9999766468000516
194,0.0011117819575547346
195,0.9998798061117539
196,0.9996059452212793
197,0.0013011752441193477
198,0.00555116270051751
199,0.9799370674763052
200,0.9999628543541916
201,0.13275761697413516
202,0.9986041150960236
203,0.9997599411927311
204,7.175975631949865e-05
205,0.019694391196141484
206,6.220343377840725e-11
207,0.647680151787755
208,1.2776192523855281e-05
209,0.4092576884319494
210,0.9624872745176178
211,0.9907513804215564
212,0.0007745750400625386
213,0.13404342852999304
214,0.9839785980030599
215,0.021068317188190085
216,0.00014641977300082913
217,0.05604631666919407
218,0.2846398363498273
219,0.9921091701628032
220,0.9995577494068307
221,0.999341106343981
222,0.9990986555034619
223,0.10109469201285887
224,0.9953115981598464
225,0.011620334090913459
226,0.0004191698403041497
227,0.9982282239607707
228,0.6038222685952992
229,0.9996435426716833
230,0.8185077364670675
231,0.10333342404600059
232,0.9145526223260916
233,0.8086851154092359
234,0.0026929382063956703
235,0.027889807578337523
236,0.9998849456510418
237,0.008625755676678521
238,0.05731515648887086
239,0.9987708058752988
240,7.72624943371055e-09
241,1.2042693436777423e-11
242,0.03742377588159603
243,2.4422594673703095e-11
244,3.3305057321043624e-10
245,2.2497457789215893e-06
246,0.9999995349426143
247,0.9944902317984949
248,3.84440406067477e-06
249,0.9999998503645375
250,0.006367665127522782
251,0.9996582097649236
252,0.6954695382146324
253,1.5459248292047878e-15
254,0.030232846507211513
255,0.9999001274498799
256,0.2981554441312647
257,6.417372052175919e-07
258,0.06548444237718548
259,0.999873401567356
260,0.00010801666073085693
261,0.00021318087285187153
262,0.9997896797399972
263,2.29989314240116e-06
264,0.0006951981426382044
265,0.9995240120519543
266,0.9179910360990702
267,0.9888373738202346
268,4.3846481719575315e-05
269,9.624729523658081e-14
270,0.6705553078502324
271,5.518663600731589e-07
272,0.9998406398258814
273,0.08472772237039451
274,0.972062362130426
275,0.9219456486942199
276,1.866434061181928e-07
277,0.7951785177775272
278,0.08778490137727012
279,0.9997522866224331
280,9.532777133613659e-08
281,0.0015248806470836093
282,0.0752611746723003
283,0.29102208499301163
284,0.9931730999335516
285,0.9999735520297527
286,0.9952792427534176
287,3.0960496225786576e-06
288,0.021005597243073628
289,0.9473065616430484
290,0.677236876699944
291,0.8776603848101239
292,0.010840400708567084
293,0.007963674421750356
294,0.999839480335498
295,5.7696431672756606e-05
296,1.2244029984580239e-14
297,0.9691440474856717
298,0.9473884259204403
299,6.231924984478586e-08
300,0.03804713749064157
301,2.5847489268070816e-13
302,0.9032403711656322
303,0.9928162703467148
304,0.01540315797085101
305,0.9999920981109346
306,0.9994183739672071
307,0.0019509746704744824
308,0.7805953305957989
309,0.9781897557821501
310,3.210892329225917e-05
311,0.005362151742407344
312,0.4407213809784639
313,0.5519218447576796
314,4.110409739406169e-05
315,3.839904974751342e-06
316,0.9998187167021861
317,0.9988494182373933
318,0.0005131153172546795
319,0.9862016589960206
320,0.9999531719524495
321,0.5927687391914445
322,0.0010006557118418503
323,1.7518118282486862e-10
324,2.266233815000657e-06
325,0.6423179250507787
326,1.6436169887202717e-10
327,0.9998137675174948
328,0.980148287184307
329,0.9997730061104723
330,0.9781846351813077
331,0.0015815601376294767
332,0.9999321420616464
333,0.0497786766396122
334,0.01785593081236609
335,9.132364147427845e-06
336,5.9756734924591644e-05
337,0.9999946437282109
338,0.9613900975153393
339,0.19317828513956858
340,0.008984362231238299
341,6.188896917291862e-10
342,6.993123063247869e-13
343,0.0025569344483630466
344,0.9993764571271565
345,0.999958643340523
346,0.4749935506484664
347,0.9550266628259748
348,0.984405690609885
349,0.9951955956463956
350,0.9169960779781432
351,0.9987636696146766
352,0.32878607533776266
353,0.9999950057972694
354,0.999917173879777
355,0.9929715073843759
356,0.9999991326345921
357,0.9999999328186245
358,0.9915117263170969
359,0.0007175826803365316
360,0.9898891083317588
361,0.999962953249341
362,0.9839108958651456
363,3.8468644502599735e-13
364,0.025656222795111296
365,0.1427307616568524
366,0.0033390971120928407
367,0.997303961600143
368,4.322810709458868e-06
369,0.7080718355904478
370,0.9994467834673415
371,0.9999927650935924
372,0.9997710785924093
373,8.011117817942382e-12
374,0.15033619107844637
375,0.9844728271458267
376,0.9999961734953099
377,1.6652309568941562e-05
378,0.9999973579872604
379,0.00010688806448099984
380,0.9761772391970424
381,0.9885256655066779
382,8.744333663194078e-11
383,9.035201188690292e-16
384,0.6840142378467305
385,3.934996362167623e-07
386,0.9998435816318948
387,0.8293545655203378
388,0.4858666818217517
389,0.9008839876946033
390,1.1276674541291707e-06
391,5.942403088423328e-05
392,0.005742315557219787
393,0.9999621968912187
394,5.770549011686893e-06
395,5.475856471134135e-08
396,0.9999259948822913
397,0.9986631332213722
398,3.980285607691562e-19
399,0.9558903072078804
400,0.08184397775904295
401,0.00015320508941285864
402,0.9998594357014546
403,2.612015483237997e-09
404,6.115111264828139e-08
405,0.3776364494005868
406,0.9999228284460392
407,9.143349793345626e-12
408,0.3111494921558065
409,0.9979663070439435
410,0.8647191857125872
411,0.9999910229125326
412,0.9999737180553125
413,0.5449153739523608
414,0.00028122022758783995
415,0.9414515360895548
416,0.014420431363586778
417,0.9990219016366791
418,0.9999980423767489
419,0.9690027904797749
420,0.9999965235839711
421,0.9994678292251243
422,0.999938354898966
423,0.035215793432771945
424,0.99998995247622
425,0.10561825228292283
426,0.9670061361451652
427,0.9995735118490051
428,0.013769950580733872
429,0.9971978957495533
430,0.0024665705364388213
431,0.9993413733331454
432,1.1657834090950038e-06
433,1.7896838513885058e-07
434,3.7572826629739715e-10
435,0.005137093033713957
436,0.9999091689802173
437,2.4144936113584856e-10
438,0.9677149122155757
439,0.001677879209405862
440,7.430058914862996e-05
441,0.982659337273267
442,3.240718727272227e-06
443,2.2183469148672395e-06
444,0.0004060402879941569
445,3.5532878763718075e-10
446,1.1843199827950655e-05
447,0.03586339816423379
448,0.015136527138572005
449,2.7785702723139972e-05
450,8.732723159647785e-06
451,6.57144641509531e-05
452,0.9999167395891057
453,0.002727529360322443
454,0.08842744994669333
455,0.018091702690406948
456,0.9861289667608493
457,0.3357033883362821
458,0.8520368722861442
459,0.15041726187007814
460,0.9799338611819259
461,0.9934603664212017
462,0.9999893538088146
463,0.04408627277506051
464,0.9999926151766566
465,0.037702002958660046
466,0.9999880095426583
467,0.00894369147098892
468,0.9479809862839346
469,1.9122821103696112e-20
470,0.0017200455299115009
471,1.4291471773938054e-09
472,0.9983876303644215
473,0.9999302246029728
474,0.9999526741508921
475,1.5748565421568678e-09
476,0.999996188694953
477,2.2963735640949085e-08
478,0.9999021867188675
479,0.07024326436139654
480,0.01540999607122736
481,0.955012897453386
482,0.0038569416948521927
483,0.9760758542764721
484,0.9997360051424177
485,0.2279883749635323
486,0.0032343354538204674
487,0.996647407739058
488,4.148903281509558e-06
489,0.999942802062984
490,1.7084752314460757e-07
491,0.9998576592593654
492,1.4358360022193864e-15
493,0.9312628838671922
494,0.0009087385774292553
495,0.9999539414220766
496,3.222659903012749e-07
497,0.0008639468445731791
498,0.690394745389352
499,0.9999008951746756
500,0.42116374134959295
501,0.8730671941087029
502,0.00023714970683150237
503,0.999875089060607
504,0.6585824961106385
505,0.036773532071425474
506,0.15836823885219906
507,5.397752385580536e-08
508,0.9999894537854118
509,1.2377702236593796e-05
510,0.35062866203890297
511,0.05995040490157092
512,0.9999626660590379
513,4.2252962586186824e-12
514,3.320628099334841e-05
515,0.9999876867460582
516,0.8122142540194326
517,0.2811603195357681
518,0.9986929746945117
519,0.8715842904045027
520,0.032475328053547525
521,0.00034279235928441664
522,2.3027193312300587e-06
523,0.9471416675467026
524,0.5480734256054997
525,0.0002897353164496833
526,0.015599719305972705
527,0.12407973058474409
528,0.9903691924634171
529,0.9997319385194007
530,0.9999037601507569
531,0.9993991688196162
532,0.06848656627542764
533,0.00018092082054532672
534,0.07885742976880138
535,0.9974708138730951
536,0.060051472181805864
537,4.971907810960748e-05
538,7.279536653000582e-11
539,9.082900955987775e-08
540,6.023390395301068e-13
541,0.9899761120930156
542,0.0004090629332536
543,0.0669132282795868
544,0.06781411077302872
545,2.191059376177767e-11
546,4.799344556415825e-06
547,0.10181187089982796
548,4.821134975163973e-06
549,6.281695307497949e-11
550,0.8186812199959804
551,0.9954957688709467
552,2.982032534543358e-10
553,0.987998891719776
554,0.0030366131298881997
555,0.17837244279994402
556,0.5020947284938686
557,0.9999999999244662
558,1.9774726304523516e-11
559,0.9942027394148493
560,0.9934291709123357
561,0.0016940210041317587
562,0.0002529858989030743
563,0.01373303028321254
564,0.9994102212632616
565,0.015204653640043343
566,0.2347875283172825
567,0.9861270035690957
568,0.03281831448610143
569,0.999478858298783
570,1.3102569993230697e-07
571,0.9889280511698243
572,5.40475032346072e-07
573,9.70633699645105e-05
574,0.42599715192582427
575,0.6896849159123652
576,0.19592299967458318
577,0.9924143521051811
578,0.0009227281955392751
579,0.9617436379098758
580,0.9990961998947143
581,0.9998937135078393
582,1.2935823206776174e-05
583,0.31265945175886195
584,0.9999424033129932
585,0.9997561894607172
586,6.39381505188812e-11
587,0.1350484716465136
588,0.4942320764794483
589,0.99142805450314
590,2.4985186316105558e-05
591,0.9929524991149165
592,0.0011053699522196726
593,0.0013449061250646174
594,0.0003544142573541216
595,0.9998731098886879
596,3.0780679653190544e-06
597,0.42255187846900366
598,0.013676406210385654
599,0.03898612904918398
600,0.9932343860231164
601,5.273752642322685e-05
602,0.00012123539211671936
603,0.019838971557814347
604,0.011940080860645299
605,0.9983805805271464
606,0.9403151193537796
607,0.02830778333371091
608,0.9998666042503082
609,0.986175196292248
610,0.05559280230490374
611,0.8138786500018235
612,0.9216420336301555
613,0.8273307252857609
614,0.990631680007421
615,0.9991517986605566
616,0.9997721369749365
617,0.9927689268370087
618,0.44959088831881755
619,0.9271791745156389
620,0.9988431609184333
621,0.005854483448926465
622,0.0022822275374201205
623,0.056223398246436185
624,0.45256636243894427
625,1.2047223282266879e-05
626,0.5232923182441894
627,2.6141105741306694e-05
628,0.00014361794740957477
629,0.9999750180249608
630,0.9462711636872565
631,0.9976295873493171
632,1.8382766557443596e-07
633,0.9999491605604699
634,0.9996105783269286
635,0.9510317660362939
636,0.814622863608656
637,0.002333606007398002
638,0.9907807533238793
639,0.0061212124130875295
640,4.704018920168045e-09
641,0.46340805741503005
642,0.9822631582986068
643,0.02556618524189152
644,0.001878482271843478
645,0.9889732573789334
646,3.469067503584741e-07
647,3.683476020701382e-07
648,9.758671028388503e-06
649,6.931885201926231e-09
650,0.9999608278794181
651,0.9999978163265846
652,0.9999999998971847
653,0.9947546986804113
654,0.9954638057088585
655,0.9814654858902941
656,0.9877860340652042
657,5.092900028352207e-06
658,0.8702861256084334
659,0.9880166329114007
660,0.8806047594768983
661,0.9999999999748639
662,0.9999419569748392
663,0.9720508437321891
664,0.2298704347697701
665,0.005576051337019553
666,0.999269753740128
667,0.9718668152312088
668,0.14383437797150472
669,0.8571918090423414
670,0.9987847671994319
671,0.9996742953401346
672,0.999999998761008
673,0.847011864554789
674,0.9416324826552808
675,0.06849007078023618
676,0.19645826062402208
677,0.9732184216033696
678,0.8570383975586912
679,7.864410743509199e-05
680,5.486776229473186e-11
681,0.7321196103440362
682,0.9026478519961386
683,0.9981135805833842
684,0.9993196697035989
685,0.022904542961336243
686,9.82101755876676e-05
687,0.9999848992507219
688,1.0800146045760489e-11
689,0.0579646007205787
690,0.7868542715892296
691,0.06100686252043955
692,2.760728796762379e-31
693,0.7650700731410197
694,0.9998771827051929
695,2.0502460251369406e-09
696,0.0077006183106649514
697,7.094565392839312e-07
698,0.00020639062290999494
699,0.982246100687995
700,0.00015357564048670838
701,0.9394804372579465
702,0.9978562672465195
703,0.9999124448561563
704,0.9999930460474376
705,0.9999972910101479
706,0.19495164419300393
707,0.0008501771690436523
708,2.317823729604869e-05
709,0.7926786565543305
710,0.09807249515489913
711,0.20853778117830563
712,0.9999996439641479
713,0.010982899966024312
714,4.2513252905783256e-13
715,0.9999999984585013
716,0.9885357215683558
717,0.03278056763682354
718,0.9468779114182597
719,0.9998527294927732
720,0.001961105333580053
721,0.0033845591667964886
722,0.9999642390985902
723,0.9891418948573806
724,2.300066334492757e-05
725,0.37307046506946984
726,0.9700954929811624
727,0.9051703724515744
728,9.417984964792955e-06
729,0.9999494863660168
730,0.9313142740631152
731,0.0007017287983582357
732,0.9965361188262307
733,0.7783685969615751
734,0.13540156219593175
735,0.9999088805455302
736,0.0025036235180191505
737,0.07585057195729003
738,0.9929991275673665
739,0.9999735607113956
740,0.9978533391648228
741,0.0016499908229365768
742,0.9703586742412301
743,0.4157105742086363
744,0.9997724039961573
745,0.33269003776230965
746,0.002795880512613945
747,7.0313232146655225e-09
748,0.9405888951800899
749,0.9847464089500534
750,0.00014623541093529752
751,0.06251602850517886
752,8.637377696070357e-05
753,0.6610625192935511
754,0.7416117884818392
755,0.015012871236345865
756,0.9999837649253193
757,2.9434788551376126e-05
758,2.550372314973118e-06
759,0.16670134786070367
760,0.9998128321439057
761,0.830650789915941
762,0.9999996055076192
763,0.991486373228195
764,3.46826281652427e-21
765,2.240460867223051e-06
766,0.9999382436385638
767,7.845212185151448e-06
768,0.9991042336015363
769,0.17023330293370625
770,0.9886110943193113
771,3.458703496559831e-07
772,0.025286481029707413
773,0.9999310564193419
774,0.9837201712337602
775,0.9525986848981803
776,0.9981766472934576
777,0.9707530258494118
778,0.9993443538369299
779,0.9999445285736348
780,0.3289012209476666
781,0.09054595041791108
782,6.154018595541294e-05
783,2.55496336655839e-10
784,0.9999687695982507
785,0.9979020455406545
786,0.09213466480922713
787,6.5933079681405305e-06
788,0.004085403705470921
789,0.7037754864111828
790,1.2607862146251915e-06
791,0.9999446446836634
792,0.9747158349664767
793,0.9986614855137035
794,9.744306001990638e-11
795,0.6245471207580087
796,0.9081484098126679
797,0.9999634672806652
798,1.5150647674998474e-06
799,2.8015883817070507e-06
800,3.5663673739699183e-05
801,0.7002369603052851
802,0.999551663766337
803,0.031665558926028785
804,0.0021982504883454063
805,1.7598000912482912e-05
806,0.00820210896324238
807,0.06916845858036458
808,5.388321198012321e-05
809,0.0707782857569901
810,1.4554352895665646e-15
811,0.34689537083495753
812,0.9999872080324023
813,0.00019509013781821935
814,0.9987692601530669
815,0.0016440243246167265
816,0.9999941340310907
817,0.3736208587304133
818,1.67562320361121e-07
819,0.999888705702078
820,0.9998538515042088
821,0.13064962666026353
822,0.8670697280005205
823,0.02188652003660964
824,7.986585688198062e-07
825,1.1475648215587888e-11
826,0.48344187361411045
827,0.3589451594429224
828,0.9997611631811784
829,0.7522491412649601
830,0.815697806789732
831,1.6063985287481546e-08
832,0.9270075467626289
833,0.17499893742405284
834,0.9999999989972996
835,0.005550857051144901
836,0.9843133439447638
837,0.9965577332067784
838,0.9654288533252124
839,0.2140068406096429
840,0.09245087238904191
841,8.577602133056445e-13
842,0.03365217210613571
843,0.9937553281476592
844,5.060657983408914e-05
845,0.8466568900777816
846,0.9565333946793351
847,0.9998577892352227
848,0.0024631794570635543
849,0.7995158696095277
850,0.9999685828054761
851,3.828752626710729e-06
852,0.002239609640808094
853,0.9369606641746455
854,0.9999107256445297
855,0.9953653963483063
856,0.0006577024998528898
857,0.9999727787024215
858,0.9484396625646871
859,0.018092137094447985
860,0.9948248156645129
861,0.6129406250275851
862,0.8825635796495188
863,0.9999992084010265
864,0.999947869615065
865,0.017900501932935034
866,5.0470819287137864e-05
867,0.9120028122596804
868,0.10602388825008664
869,0.010020666338737185
870,0.9988809411103236
871,0.999778158307748
872,0.043383474909666146
873,0.09158784126624198
874,0.9999999978188479
875,0.08276161074506096
876,0.9999989626374443
877,0.9998450877615147
878,0.5937907322563194
879,0.9999998576436558
880,0.9285114207278239
881,0.9999569665545626
882,0.02724389331203639
883,0.9999660123858501
884,0.41171926135775355
885,0.999312470808124
886,0.002512288490458747
887,2.6173335083151925e-14
888,0.0006117724221791087
889,0.727068004670776
890,0.9997255769801088
891,0.9984783054223998
892,3.523082271406212e-14
893,0.9999999999222506
894,0.8983066032321738
895,0.9999892876792773
896,0.37710505875776346
897,0.0035202089951744653
898,0.005419356459451248
899,0.012979178280977513
900,0.9997877511009471
901,1.5930397325293748e-05
902,0.00021247447012769392
903,0.0008434919865065515
904,0.012971965736596177
905,0.0005012035017785859
906,0.9945697064342841
907,2.443001241851286e-08
908,0.6760835279227024
909,4.132291653055875e-06
910,0.6865655991756375
911,3.3216288981224615e-11
912,3.402670557906662e-11
913,0.01450491693955393
914,0.9999820924378356
915,0.3031188862698257
916,0.03138129966082071
917,0.0002531767434690944
918,0.999890299502445
919,0.9848284545031301
920,0.9996840298284111
921,0.9999947370072625
922,0.0047883610348217615
923,0.9999999968853486
924,0.000571922818236387
925,7.238119927171849e-07
926,0.14648046315564708
927,0.9999999395129934
928,0.6483227835290666
929,0.999973347867922
930,0.9999553032202637
931,0.999973515064741
932,0.9997964257831577
933,0.8703866807313699
934,0.9873422936420869
935,0.1440596508807551
936,0.00043208745729293697
937,0.9999968944420055
938,3.332266826257192e-10
939,0.000108856321905956
940,0.004529987414913115
941,0.7005382256187975
942,0.9977499435927454
943,0.23095769058709845
944,0.9983358219045141
945,2.447589742531199e-15
946,0.9992572145170407
947,0.20581480550045386
948,0.11962798377412603
949,0.1463263720476089
950,0.9998508350494504
951,0.02564715586570617
952,3.6831661528551088e-06
953,0.06325758002165921
954,0.9362093031140502
955,0.00017572194934747527
956,1.8431073573883675e-06
957,0.05455477706285417
958,0.5751616697872824
959,0.9974644631323638
960,0.9998219927568609
961,0.6713498421669215
962,0.9511890278456716
963,3.101235693024992e-06
964,0.001619948269668262
965,0.9999784203733366
966,0.9881766779454693
967,1.596605514565046e-06
968,0.9999901181276263
969,0.9999868266577641
970,0.013599153152287978
971,0.9943360129505802
972,0.9999728260558449
973,0.7434556852668994
974,0.9999812021901969
975,0.9367422446810791
976,0.14026169710235745
977,1.1465537453554161e-12
978,9.165471895198701e-06
979,0.9999995548039126
980,0.031485300686641196
981,0.4234358713845699
982,3.3944683138979718e-18
983,0.9968389523255109
984,0.015133558492916687
985,0.46333981207247504
986,0.988086138944827
987,4.685680394695268e-16
988,0.9895140380190149
989,2.035278085303818e-11
990,0.8524316311240292
991,0.038574782418701714
992,0.5129120223701623
993,0.9999051150516218
994,0.005347102131575516
995,0.9999999999397446
996,0.9916469762458461
997,0.9882420675190894
998,0.0003523821938350155
999,0.9999084636103489
1000,0.993180357508719
1001,0.008148470573812865
1002,0.6570772155113394
1003,1.7021708101227324e-05
1004,0.0010496111539695329
1005,0.9999639050846804
1006,1.993646796969329e-09
1007,0.9998010073912489
1008,0.3687656683066398
1009,0.9962543458617775
1010,6.177998207034838e-11
1011,0.9992974988464256
1012,0.9719222216900928
1013,0.10076962493964894
1014,0.6023415832187121
1015,9.290694276404692e-10
1016,0.7140331615377132
1017,0.44021203444611345
1018,0.9975710900165746
1019,0.0001753098846116652
1020,0.9998843275211196
1021,0.9423525750993902
1022,0.6787995342181808
1023,1.9658373003558429e-07
1024,1.4335203314044663e-08
1025,0.9807624344339704
1026,0.9999831392026928
1027,0.9998596652703243
1028,0.9999996397490262
1029,0.9999803102545948
1030,0.012886607624424892
1031,0.9998289568047222
1032,0.9988932958654854
1033,0.999974623153602
1034,0.9999999663666714
1035,0.00013463225516216945
1036,1.0289291078330675e-06
1037,2.7399658398894887e-06
1038,0.03764529573011415
1039,1.130346536696055e-06
1040,0.00154825918634187
1041,0.9995224137333031
1042,9.470137009321587e-17
1043,0.0005868510286540167
1044,0.9980216390682545
1045,9.683240672464535e-05
1046,0.003602732792167666
1047,0.9946195975770284
1048,0.010900372814219893
1049,0.9990631352188042
1050,0.9847197365647006
1051,4.0515373807033663e-10
1052,0.8310703897517379
1053,0.02883269664316679
1054,0.002113915078814915
1055,0.5235960383917428
1056,0.9994432131354696
1057,0.9997710153004782
1058,0.258297383610638
1059,0.9998433595012927
1060,8.334149612293865e-07
1061,0.6044275276694825
1062,1.0240891569369148e-15
1063,0.0005442259716785611
1064,0.7431226973319546
1065,0.667169634264484
1066,0.007677715096935765
1067,0.4578630049081217
1068,0.9911400953821294
1069,0.9630753359077086
1070,0.12432391449673356
1071,0.9999916581288817
1072,0.0022287109883392577
1073,0.9496576220621447
1074,0.6558267208598976
1075,0.9321053662547705
1076,1.8174484408274776e-06
1077,0.9408950324449266
1078,0.0001774190493975557
1079,0.015515258277658782
1080,0.9999186709687924
1081,0.9846173854547494
1082,0.9932671124013042
1083,0.003474462898258695
1084,0.1349409290766113
1085,0.9999917312995885
1086,0.9999289871353497
1087,0.00024298630966326605
1088,0.9993652449356285
1089,0.9998802421405131
1090,0.9999791884995748
1091,1.1251212040071116e-08
1092,4.3355090513826083e-07
1093,0.9999999999996578
1094,0.9741578817624625
1095,4.464555369221853e-05
1096,0.9756967478096916
1097,3.963470566369368e-05
1098,0.0006990361787645558
1099,6.563615025178179e-12
1100,0.9827436346191373
1101,0.9995607883425712
1102,0.23766251120098797
1103,0.9999167358196842
1104,0.000719443316822651
1105,0.964857479463113
1106,0.029335315508248815
1107,0.032061682284104616
1108,0.9999447368364436
1109,0.006322290273266794
1110,0.96296107259284
1111,0.25091858977953446
1112,0.008140302083528554
1113,0.9996456922595929
1114,2.514358355719771e-10
1115,2.8400600324216372e-05
1116,0.03872864888072744
1117,0.9999545025697547
1118,1.0567840326946826e-09
1119,0.7141278249837476
1120,0.9999999933331534
1121,0.9802133822226607
1122,0.9996297073359153
1123,0.8252203109148193
1124,0.18788063211115455
1125,0.9997174598428333
1126,0.23462256332328996
1127,0.3780269025029422
1128,0.9391045133937684
1129,0.9926285120468772
1130,9.275803937462534e-05
1131,2.7186001649991806e-07
1132,0.8816840181754313
1133,0.9747623646979875
1134,8.890121056798567e-10
1135,0.8465727870134233
1136,0.9334290328162466
1137,0.5028858479332262
1138,0.12528176607228478
1139,0.6481852089848564
1140,0.7703964198374812
1141,0.45548379980753856
1142,2.6918831625712442e-09
1143,0.9999792485114575
1144,0.0003025210605785645
1145,2.316242672407483e-05
1146,0.9989143927295288
1147,0.2918148607872829
1148,0.9984265248378814
1149,2.4044717595046e-14
1150,0.9938867453907406
1151,0.9661789247334529
1152,0.9948401960322009
1153,0.0002850846123155105
1154,0.9999671063180507
1155,0.7611473308795897
1156,0.9998616649334612
1157,1.4384743558196727e-07
1158,0.24492355023975518
1159,0.0221701386927335
1160,0.9999692159258637
1161,0.002146110452175548
1162,3.0386638583344644e-05
1163,0.9992988337843861
1164,1.8203069626669047e-11
1165,2.5887321457874975e-06
1166,4.979432044475695e-09
1167,0.00018333706843977674
1168,0.9994425005834903
1169,0.3593808822096231
1170,0.9996673020196447
1171,0.00013805348517000813
1172,0.9991851317414755
1173,0.12806130200890967
1174,0.03410575027524435
1175,0.4250893708422233
1176,0.5354215105931132
1177,0.01237498833913198
1178,0.9439442408099579
1179,0.9999345000916156
1180,0.7430327864516115
1181,9.797282670686207e-07
1182,0.5239221399982354
1183,0.8922395262992309
1184,0.9925747228017389
1185,0.9982316171049666
1186,9.499064141253802e-05
1187,0.031721757877148336
1188,0.9999999924493087
1189,0.9997407613512944
1190,0.9998889026840013
1191,0.08183218012380772
1192,0.9246196227633517
1193,0.7838182170479523
1194,0.4760584970436931
1195,0.5892835280019539
1196,0.9999543048857377
1197,9.404902895515154e-11
1198,0.9995273796380083
1199,0.17459187131264214
1200,0.00267980976718053
1201,0.9995233273823049
1202,0.0003108279315450895
1203,0.00025039102576182506
1204,1.0659710746405101e-19
1205,0.9998609644993139
1206,0.9997113178856577
1207,0.05668261475768021
1208,0.9975254303962894
1209,0.0007320408803864846
1210,0.5586713561089595
1211,0.03176918075546489
1212,0.0017607135444901892
1213,0.9713553014909799
1214,1.2452171056226922e-07
1215,9.42712945600876e-06
1216,0.9986266472123791
1217,0.03803665882058537
1218,0.99929973202591
1219,0.013250587027203328
1220,0.43570897237339656
1221,0.36636561221825154
1222,0.9925376752930695
1223,0.9969809486463272
1224,0.999911201486252
1225,0.08432581679166005
1226,8.899254260746684e-15
1227,0.0018862309124156533
1228,0.7643340390014459
1229,8.337746690970778e-32
1230,0.0052818756472184265
1231,0.9999844083381353
1232,0.70147286183793
1233,0.005342005754737665
1234,7.021398281595726e-06
1235,0.9955512750468271
1236,5.947890395451223e-08
1237,0.01919520398127273
1238,0.9863304401441965
1239,0.9999155800212909
1240,0.9997798309802228
1241,0.007838452891819258
1242,0.9902218658668706
1243,0.999601883040426
1244,4.874356317662258e-16
1245,0.038279027667575155
1246,0.06050657300536047
1247,0.9578343447198647
1248,0.00014976539457658045
1249,0.9999788310153112
1250,0.9591203597876191
1251,0.9999840710332552
1252,0.9970024127994072
1253,0.9994813202935294
1254,3.722342047956022e-07
1255,0.09606608079681422
1256,0.28215903322614616
1257,8.839331565861534e-05
1258,0.000942263322149815
1259,8.131047716262887e-06
1260,0.0684988819145146
1261,0.9999845500109922
1262,0.9728433316875862
1263,8.611597809986507e-05
1264,0.9999938063922896
1265,0.0001773335749213907
1266,0.9773290309428307
1267,0.0005040430362059794
1268,0.7968684231070563
1269,0.0036609172723697965
1270,0.5751010724498279
1271,0.9917412544726363
1272,0.9993812389702413
1273,0.8266636472809883
1274,2.5553699880019574e-05
1275,1.5418292577301507e-07
1276,1.2164505223486875e-06
1277,0.99377336663343
1278,0.5926466559198036
1279,0.9993434007235507
1280,9.772789487431947e-23
1281,0.013843540173341905
1282,0.8373443391916436
1283,0.9934275419999371
1284,0.004618830645811024
1285,1.762654684317677e-07
1286,0.6606266608718525
1287,0.9106275998025364
1288,0.999997790728587
1289,9.354054552457847e-05
1290,0.9976897795060089
1291,7.818000245558026e-30
1292,0.09293617843395033
1293,0.999987578317107
1294,4.109282304986402e-05
1295,1.4802775336596364e-09
1296,0.9945562431974859
1297,0.890196938170548
1298,0.9578688406571726
1299,0.11625898718310025
1300,0.6348059978361976
1301,4.762060955163546e-06
1302,2.512700198228871e-13
1303,0.031226266185411872
1304,0.01311948232488728
1305,0.46059553461947017
1306,0.997873928766977
1307,0.9999848896891659
1308,8.797457873522686e-05
1309,0.9556807648541378
1310,0.0616064570613535
1311,0.1530023874988208
1312,0.00038456385160364647
1313,0.9830737839365641
1314,0.9982410709765449
1315,0.9999302989831391
1316,0.9995020516139486
1317,0.0631710356641851
1318,0.9998591382803327
1319,0.9999718734166703
1320,0.9772376647375536
1321,0.9074058033028458
1322,1.5575156023242954e-07
1323,0.00010385225045790898
1324,0.9665176931233447
1325,0.03247158260514245
1326,0.04339585881071545
1327,0.994356872596078
1328,0.010448999052247694
1329,0.9993281640703963
1330,0.004382812652367566
1331,0.01671385849815854
1332,0.9948195367014968
1333,0.4306931351921483
1334,1.7687603791485756e-08
1335,2.0514043946640566e-08
1336,5.6290947383311643e-05
1337,0.9982832305524333
1338,0.06382471649483655
1339,0.3145362435254358
1340,0.9999213933009761
1341,0.9999836819362863
1342,0.9999823870688779
1343,0.9893087599357507
1344,0.999114181944308
1345,0.9981924359559882
1346,0.22137840152780014
1347,0.9999331676160393
1348,0.0005670933583382309
1349,0.01958551725977204
1350,0.999704826036843
1351,0.009125670305720571
1352,0.9999941367083104
1353,0.015312691083894964
1354,0.0004417193966104497
1355,0.9456435937498071
1356,6.915491648197193e-25
1357,0.9499581838891574
1358,0.9998388412697359
1359,0.9999315173774485
1360,0.08360410195678823
1361,0.00021402745226944492
1362,0.956513419636221
1363,0.9999082790620675
1364,0.9990146862937599
1365,0.38307320558371577
1366,0.2362876145350781
1367,0.9994856277248095
1368,0.007149898435308482
1369,0.7799795502889648
1370,0.9879569706830824
1371,0.9997910750327584
1372,0.9999468087773915
1373,9.616343694979363e-05
1374,0.9998559224132482
1375,0.9998038174259347
1376,5.210657713404626e-09
1377,0.9999358950782721
1378,1.6539932022194723e-07
1379,0.9999561336650373
1380,0.9771688597152979
1381,0.9116971205772939
1382,0.9985230922263445
1383,0.9996463729346425
1384,0.00012432816294673075
1385,0.02716683261517267
1386,1.5357340918989483e-05
1387,0.9854049559953553
1388,0.9999198097879413
1389,0.9957512375442897
1390,2.8290244843846473e-12
1391,0.999753751877269
1392,2.4303104272764054e-09
1393,0.060680105438168486
1394,0.9848355792510023
1395,0.14633320005769074
1396,0.9999213981272702
1397,0.9366287949691924
1398,0.02547848933816659
1399,0.9995510083150252
1400,0.9992990429863788
1401,0.9930375036520248
1402,0.9964693183380896
1403,0.9997390447975093
1404,0.2352538615507411
1405,1.2811416721867003e-14
1406,0.9987052368854877
1407,0.996765633631916
1408,0.12406245340545555
1409,1.9589395683944494e-05
1410,0.9997653329616814
1411,0.8475808167634183
1412,0.003356808571200078
1413,0.9923055382756123
1414,0.05623390521449716
1415,9.794216198827638e-07
1416,2.5512242922350204e-11
1417,0.9998873598605864
1418,0.002469464433469081
1419,0.00010003135180740416
1420,0.05554848385375837
1421,0.00024364736040702556
1422,5.0451197907999905e-09
1423,0.28026340996996374
1424,0.7507600805192447
1425,0.9757167906100431
1426,0.9984398554070263
1427,0.008677076947104085
1428,0.00026775436289582937
1429,0.9999386217639475
1430,9.069852749355356e-06
1431,0.9999913964904632
1432,0.9999993548909449
1433,0.0023653962804108548
1434,0.1901657642122421
1435,0.23963303080267281
1436,0.99997763755521
1437,0.9851483241074596
1438,8.061355277611664e-09
1439,0.07789231763379273
1440,0.00023536477692603206
1441,0.9941046070660264
1442,0.9991309116162819
1443,0.9999283741986357
1444,0.9975667465389253
1445,0.9998453535705197
1446,0.787852971901419
1447,0.00025383849215747796
1448,0.00013407686620335292
1449,0.9350189944498418
1450,0.04085716907971514
1451,0.9411502920101719
1452,0.9948824398578199
1453,0.09586365570992685
1454,0.9992383597803184
1455,5.049790880875089e-06
1456,6.0678400704478554e-05
1457,7.010914655833028e-07
1458,0.9407378406391259
1459,7.989462271500581e-07
1460,0.9991774037888288
1461,0.0015240256001125216
1462,0.0069787829450034065
1463,0.29406798909004017
1464,0.000444319730609651
1465,0.8464942613446821
1466,0.9265028501137974
1467,0.12400596467327887
1468,0.9707066021641848
1469,0.9998450606099314
1470,0.9983118208114012
1471,0.9978655439578721
1472,0.9952743541873111
1473,0.0005315395164534216
1474,0.5706428596957673
1475,0.012624303555001565
1476,0.948489111176615
1477,0.8265560337201178
1478,0.0010769091692531194
1479,0.0005062195115289924
1480,0.9375241741772562
1481,0.8901011004192155
1482,0.9993067331712647
1483,0.0007394871111999189
1484,0.9999995051061554
1485,0.023472825787572895
1486,1.4510615008710913e-05
1487,0.9998671902908971
1488,0.996195634705031
1489,0.9998713263843354
1490,0.8165701814091079
1491,0.999282311320098
1492,6.732517634103249e-08
1493,2.0265069909230423e-08
1494,0.03016176779533457
1495,0.0006229646984629218
1496,0.024477742553731037
1497,0.9501142304061675
1498,1.5301897879108518e-05
1499,0.013022427631781124
1500,3.6608212956412135e-07
1501,0.7327654910655027
1502,0.00011991504452892809
1503,0.23704633091118774
1504,4.311677335589202e-06
1505,0.9987012500868984
1506,8.529598064523716e-06
1507,0.9789550987180644
1508,0.6923136625339161
1509,0.997435275907718
1510,0.8930622637176756
1511,2.1235854300936124e-14
1512,0.06362024362214357
1513,0.9997778804537761
1514,0.9998284047393915
1515,0.0015510556060580152
1516,1.2539321874030095e-06
1517,0.9999558078075583
1518,1.5256276349959868e-06
1519,0.7708486961786128
1520,0.9999074393165601
1521,0.998532780201004
1522,0.5800378873106721
1523,0.8511079615732359
1524,0.9241306985088295
1525,0.9999131038085586
1526,0.9978144288392291
1527,0.9754159421789959
1528,0.9997443775343468
1529,0.972537042048994
1530,1.917606680904409e-06
1531,0.004066319964585873
1532,1.221548259508204e-07
1533,0.3777298429924123
1534,0.18508912498927135
1535,0.9999108804556137
1536,0.0004239148651910162
1537,0.5977676417319222
1538,0.9991334531740337
1539,0.01655580103211083
1540,4.106192764476474e-06
1541,0.0013276968307641293
1542,0.001219643541393814
1543,0.0008001632138291057
1544,0.0013285567525728754
1545,0.4879700027940313
1546,0.9551542480860171
1547,0.05404780505460864
1548,1.0369703140749005e-06
1549,0.9989333028130235
1550,0.9989895005295776
1551,0.9995795390383378
1552,0.10093639690920235
1553,0.011547809738058664
1554,7.720955284016581e-11
1555,0.4555869206759166
1556,0.9998880899006622
1557,0.9931909450905239
1558,2.2965581689902695e-05
1559,2.754243631417141e-06
1560,8.70396655243507e-05
1561,0.9951571272538569
1562,0.03248414636176168
1563,0.5527127281639889
1564,3.122224182375535e-13
1565,0.5650419401157374
1566,0.9632495925170932
1567,0.0009823148417962913
1568,0.7813586397168376
1569,0.9999116382352911
1570,0.9997670003619845
1571,0.9324391391389074
1572,0.0003103394014630123
1573,0.9999981464285992
1574,0.0018498597216299055
1575,0.001249664643609676
1576,0.0008735213469075017
1577,0.9995400871917733
1578,0.0014693602684558577
1579,0.19828069072435575
1580,0.00023003557125284344
1581,0.9999276409241056
1582,0.33804508142778683
1583,0.24503562204289842
1584,0.9999962810854893
1585,1.1064485601178653e-10
1586,0.987799259213995
1587,0.999982319701804
1588,0.9999992323711397
1589,0.9995117647069391
1590,0.022060718472325463
1591,0.9058625460468074
1592,0.9974383073115567
1593,0.00013881426193996247
1594,0.028132317294358073
1595,0.004741214638881189
1596,0.9999762441572966
1597,0.02525063314297694
1598,0.12022247981333906
1599,0.9991217010744872
1600,0.8624654872625906
1601,0.00036378591439887404
1602,0.9999653108054275
1603,0.03747954686474014
1604,0.994063171494807
1605,0.99971165040391
1606,0.014207823170879619
1607,0.00014158222358905763
1608,0.7840051056900256
1609,0.17992890543580803
1610,0.002771341166782609
1611,0.9969323942232826
1612,0.04746422598042168
1613,0.9996800690701388
1614,0.9867925916656979
1615,0.0004203957601331924
1616,0.5060048970573611
1617,0.2214262291160489
1618,0.7781983935663179
1619,0.9998502898054741
1620,0.999976546797087
1621,0.2676972063891408
1622,0.0012525293508193135
1623,0.005460041376224703
1624,0.004358864127760624
1625,0.0001775972421157767
1626,0.9993440508035181
1627,0.9675186624017484
1628,0.99993302453091
1629,0.999437743305125
1630,0.8333068952334244
1631,0.0002522568315322802
1632,3.3049854761336444e-06
1633,0.835408603365185
1634,0.034558555643776245
1635,0.9707781146499143
1636,0.43011240449846944
1637,0.14773067703809034
1638,0.9493767523068248
1639,0.9999907638337489
1640,0.2756446093420518
1641,0.9999954568716547
1642,3.3150267178741485e-05
1643,5.153087235933442e-05
1644,0.9083309865609106
1645,0.5587903917781011
1646,0.10167413034831235
1647,1.675353941456091e-06
1648,0.9998978102937502
1649,0.03521426692407038
1650,0.9998987460785955
1651,0.15308653205291906
1652,0.3816797242093157
1653,2.0598153120155107e-05
1654,0.9703725478639637
1655,0.4280590472433337
1656,0.9373199652896386
1657,0.023222671269700804
1658,3.14145575428017e-05
1659,0.00734210611911492
1660,0.05646938418369289
1661,0.999617993339065
1662,0.00010917497457685007
1663,0.9941654781634167
1664,1.4194388720915096e-16
1665,0.9979919099918935
1666,0.1659855943620612
1667,8.972001903656045e-06
1668,0.008898200601952146
1669,0.999788827268368
1670,0.6667206682742115
1671,0.02304235417363003
1672,1.0557834001948854e-05
1673,0.9995529532310584
1674,0.005402506606773597
1675,1.1489571045300943e-23
1676,8.90618213833677e-07
1677,0.014578315157854477
1678,6.758785112330144e-05
1679,0.7719002897178832
1680,0.9999559760547937
1681,0.8074240997108187
1682,0.09072082505762934
1683,3.675453617358362e-07
1684,0.2893734397121379
1685,0.7253209340824045
1686,0.4301253551975075
1687,0.9998782238167452
1688,9.224768687080598e-07
1689,0.010964741843160349
1690,0.00010107757553168708
1691,8.513590139163807e-18
1692,0.10102043400483929
1693,0.926612236083756
1694,2.739008519893933e-05
1695,0.9999811930900554
1696,9.586025082410349e-05
1697,0.9961422516904858
1698,0.009112288818768364
1699,7.287505936167978e-06
1700,0.9966215218798546
1701,0.12539517161415717
1702,0.999754291503724
1703,0.9991542676875848
1704,0.999843832600893
1705,0.9796381229891852
1706,0.0005931170171557297
1707,0.05108643644971493
1708,0.9973309859786106
1709,0.0001955693140879161
1710,0.04590528945662929
1711,0.00024706225125693603
1712,0.9854198534745018
1713,0.9961069421100595
1714,0.17306486879277871
1715,0.9252198079149413
1716,0.003187078684912694
1717,0.5803455085566597
1718,0.6348722260147049
1719,0.9995015423685746
1720,0.35581320915617304
1721,0.9999999960162989
1722,0.9999827997051242
1723,0.3125280711353973
1724,0.2339561100877418
1725,8.511125028406889e-06
1726,8.51394992990393e-05
1727,0.9503222746212341
1728,0.4811989352176587
1729,1.160026462987068e-13
1730,0.03995736642379483
1731,0.9993534709699758
1732,0.8507398701459279
1733,2.1268993056223952e-11
1734,0.9735188314547453
1735,0.9999921714022078
1736,0.9999932323846001
1737,0.052831918531952723
1738,0.9998812541296139
1739,0.1773413760555615
1740,0.9984184334712598
1741,0.9992403007018559
1742,0.9991814499524412
1743,0.9999591294526285
1744,6.2570038717333846e-09
1745,0.38897132131562573
1746,0.002470140326855969
1747,3.4334013911314124e-13
1748,1.8704447423993045e-06
1749,0.9991454731806465
1750,0.14183248717960045
1751,0.46909905062969637
1752,0.9999670507453972
1753,0.29818724157053167
1754,1.2903585294468624e-09
1755,3.121884670661458e-12
1756,0.29809133581425357
1757,0.9914080930398028
1758,0.9998716421454407
1759,4.540227382366837e-16
1760,0.9999633651144938
1761,0.9999999980290308
1762,2.7499023677583045e-06
1763,0.001297162857954724
1764,0.018849540844003858
1765,0.9997178362162028
1766,9.457529156779442e-06
1767,0.9997278694094289
1768,2.8262682478556358e-08
1769,0.10559175622516699
1770,0.004959620570832214
1771,0.9818413362465959
1772,0.00010393283069711387
1773,0.9999719471380693
1774,0.9936926390636265
1775,0.9882661508913783
1776,0.9938449050586299
1777,0.9825087998780617
1778,0.5663983522319785
1779,0.004692000655354692
1780,0.9999458949607504
1781,0.998071732852897
1782,0.01674022690463355
1783,0.9999911889003312
1784,0.0019472405649526988
1785,1.1754627387518876e-08
1786,0.9988696238753155
1787,0.004316206178476561
1788,3.7487568691053654e-07
1789,0.9831058169642688
1790,0.7884733770260713
1791,8.710318536915579e-09
1792,0.9998235462543353
1793,0.9487256759094732
1794,0.003952658743867757
1795,0.00018096956701012137
1796,5.156462884986423e-14
1797,0.9997467262624409
1798,1.862302542540239e-15
1799,0.982122987171327
1800,0.9982269751614198
1801,0.9900011057845812
1802,0.03225457098587589
1803,0.9999877176114917
1804,0.9025092772751937
1805,0.00011122007765125677
1806,0.9998900388021035
1807,0.8412712066337837
1808,5.0754817188800316e-06
1809,1.0784433084846542e-13
1810,0.12189312011884765
1811,0.9998628822568605
1812,0.8444487267169793
1813,0.7932055429459732
1814,0.9993443674571838
1815,0.9998674775659695
1816,0.006493734624802021
1817,0.9997986413259532
1818,0.9940272451326946
1819,0.9998714964964661
1820,3.004847731694351e-07
1821,0.07268319471047571
1822,0.010954440071970644
1823,0.9990861652476904
1824,0.050920959783397765
1825,0.9999999999988587
1826,0.9998631991212367
1827,0.9995082761072682
1828,0.710914581840996
1829,2.6198363171873954e-05
1830,0.9986659175646361
1831,0.999881362810539
1832,0.9994894934966158
1833,0.9999650479005687
1834,0.005363280616111643
1835,0.9999302234011165
1836,0.9999728876821352
1837,0.012451143929197135
1838,0.00466059552359222
1839,0.17356314633380104
1840,0.9977073081585704
1841,0.9996711794180262
1842,0.9647838078006826
1843,0.9982901410777747
1844,0.0010209641428950548
1845,0.009838083328755557
1846,0.9999270242743604
1847,0.5189410426474896
1848,0.002973695458283901
1849,0.690549031878252
1850,0.7625441382406797
1851,1.5073921458927765e-19
1852,8.110131616133584e-06
1853,0.999966642013555
1854,6.97998584061382e-05
1855,0.9726786920280985
1856,1.623129834034476e-07
1857,0.9998680418172072
1858,0.9719637390207237
1859,0.7485949506630335
1860,0.9999155656673757
1861,0.016857984417637837
1862,0.5189459094679006
1863,0.5530914683503918
1864,0.22740995940517028
1865,0.0001912121522886506
1866,0.00032981668768564045
1867,0.004747773356197879
1868,0.0005266153021053677
1869,0.9679844988571636
1870,0.013923157295360361
1871,0.9999835906170867
1872,0.15969264790172294
1873,0.01661444090508158
1874,0.99671986000511
1875,0.9349735998930344
1876,0.03338441436712941
1877,0.9984486514676331
1878,0.9991867905406516
1879,0.2928384382281662
1880,0.005425210974696988
1881,0.26431439113100214
1882,0.9996609779073345
1883,0.9243891418351459
1884,8.580480175632591e-07
1885,0.9174747790985158
1886,0.5858885467995933
1887,0.9999551639922307
1888,0.9826131819565534
1889,0.9999804809783075
1890,9.179703823868486e-05
1891,0.0159841969480103
1892,0.02830874733327994
1893,0.9625734343453944
1894,0.11065039799349334
1895,0.9999813638571192
1896,0.0023509777121241723
1897,0.9929191263711764
1898,0.9990486238709915
1899,0.9999774444890692
1900,0.9929653920779872
1901,0.9743522290747898
1902,0.008576442390086364
1903,8.393538954010956e-08
1904,0.9999970951487538
1905,0.985165246370279
1906,0.6790837355289893
1907,0.07495555565583618
1908,0.840083047349406
1909,0.9670949534900875
1910,0.0019074557735671116
1911,0.006740347606812408
1912,0.2610997119624256
1913,0.07698213559115806
1914,0.972488090701278
1915,0.0001225053884234661
1916,0.00043425369155575787
1917,0.8745232827040833
1918,0.9983920971154163
1919,0.9979380485961704
1920,0.06244467544847135
1921,9.322180578863844e-08
1922,0.005073771382971592
1923,0.999978162130815
1924,0.7287749528949382
1925,0.0001808028035030428
1926,5.480279535996487e-10
1927,0.9999854531789952
1928,0.010793735501018998
1929,0.9877498117186637
1930,0.9862830747184385
1931,0.002383514714918709
1932,0.8427016074822918
1933,0.9948720042047016
1934,0.9998971969897072
1935,0.9643350174755446
1936,3.656741599879422e-08
1937,0.9995190203785227
1938,1.694450170852887e-05
1939,0.0031087932048429125
1940,0.00577062558042431
1941,0.042376078968588526
1942,0.9168002984077601
1943,0.9999830247356086
1944,0.9985012660880193
1945,0.9996506646493316
1946,0.9977085031879304
1947,0.33112730417650194
1948,0.008749297301913685
1949,4.7223396858234773e-07
1950,0.999999072520896
1951,0.9999967739970107
1952,0.9999805897414117
1953,0.9863037797807772
1954,0.0380517491891129
1955,0.9961537644089108
1956,0.8674679844832571
1957,4.33167307868903e-09
1958,0.9674346719594336
1959,0.5341943555493474
1960,0.9995587692354106
1961,0.5638452976054874
1962,8.710722668149897e-06
1963,0.00026044621765636543
1964,0.9999578570437507
1965,0.0005438974171715549
1966,0.9997770477708111
1967,0.2570434246515925
1968,0.9250729378557918
1969,0.9997418918349957
1970,0.8183638443697632
1971,0.34534611025065576
1972,0.0218129134661792
1973,0.44744172158536744
1974,1.1889688495310636e-06
1975,0.10357240919419883
1976,0.9469387652544026
1977,0.9999647939832174
1978,0.00033177958626233445
1979,0.0001587346288730545
1980,0.07739387424321349
1981,0.9999999970542826
1982,2.7768186695469037e-05
1983,0.7840322170238496
1984,0.9991348180826388
1985,0.9939132969873242
1986,0.013884751439459058
1987,0.999945176205402
1988,0.9977286853576903
1989,0.00016496471692576553
1990,0.4850029407233092
1991,0.4908817228479617
1992,0.9999941668413008
1993,0.4383360040646991
1994,0.037772986326066786
1995,0.4614032093078679
1996,0.0004518363451409269
1997,5.852177315268112e-06
1998,0.9997907766955829
1999,0.013581212157114641
2000,0.0494072060062632
2001,0.9999593284171393
2002,0.003104489495751434
2003,0.2847088845369013
2004,0.6535721688746565
2005,0.2894148727617651
2006,2.427930696565986e-05
2007,0.9767469993021358
2008,0.8892690970132068
2009,0.03365794112522628
2010,0.9998867435192242
2011,0.9371654520013798
2012,0.9997828576176893
2013,0.0024311212254687848
2014,0.14893535745049355
2015,2.8420137629056907e-07
2016,3.863031503446782e-07
2017,0.9999726790680618
2018,7.118896085108591e-06
2019,0.9999999999140754
2020,0.985709481875233
2021,1.2222445573612537e-06
2022,2.6813510217059743e-11
2023,0.9339082584645423
2024,7.408311965068984e-06
2025,6.592192781733397e-08
2026,0.5713679297462146
2027,0.9978319234579046
2028,0.9994836019048833
2029,0.999999553902992
2030,0.46841028657589207
2031,0.9998078682202742
2032,0.0003709666515341672
2033,0.005238474564645012
2034,8.491681187324398e-05
2035,0.9110258542867822
2036,0.999945407792356
2037,0.0032602278888058116
2038,0.2585147088414054
2039,0.001811491343053046
2040,0.3027522596417526
2041,0.9798489195279106
2042,1.936383402177087e-05
2043,1.2147643613958631e-05
2044,0.9993455432295698
2045,0.7112599080140736
2046,1.338794962328271e-10
2047,0.9189017301889187
2048,0.9989391769075318
2049,0.1438156866231837
2050,0.8134983347772033
2051,0.9011357450362144
2052,0.9976269820294528
2053,0.9247141246441938
2054,0.0006344507065190075
2055,0.136348319722034
2056,1.3553336801563402e-09
2057,0.9110062296245811
2058,0.9960314929155224
2059,0.03935282747614476
2060,0.045719790244536644
2061,0.08391655787002941
2062,4.583975975099546e-08
2063,1.4430027426292414e-05
2064,7.067994128706627e-06
2065,0.07484412376719966
2066,0.00037088276503158745
2067,6.25210355097697e-11
2068,0.9999279963389931
2069,0.9999910920498551
2070,9.018449485355651e-20
2071,6.176303022483438e-05
2072,0.02055042911669296
2073,0.9998369359232535
2074,0.000733690109764896
2075,0.0001218110669352272
2076,0.9992725644066565
2077,0.9999544737907241
2078,1.1849928105663034e-06
2079,0.988882840719579
2080,2.2067640474398884e-07
2081,0.059227416179958255
2082,0.999425349815208
2083,0.9951888587021223
2084,1.1918134856704534e-05
2085,0.9995454735288247
2086,4.984882832268616e-07
2087,0.9999772537886067
2088,6.660975073889864e-07
2089,0.18685098651900373
2090,0.0004746809272915137
2091,0.9996013293368254
2092,0.2751688253760515
2093,0.9996155240077007
2094,0.9979519361817836
2095,0.9372075715333976
2096,1.835017745327278e-07
2097,0.9988502802424966
2098,0.9439149206056276
2099,0.999811525849034
2100,0.999818490340445
2101,0.00015672396161682994
2102,0.9999595837127363
2103,0.999989564905983
2104,1.0839185481917347e-06
2105,0.9543812857319552
2106,0.5581356896346732
2107,0.30337146963538136
2108,0.9995629390358111
2109,0.008360005420759717
2110,0.9697686707630987
2111,0.999948434091603
2112,0.9999612056560842
2113,3.86057145026205e-05
2114,0.16079433401042123
2115,0.9990890872844446
2116,0.2312824367842722
2117,0.0008925029769342001
2118,3.942760396904649e-10
2119,0.999993940014328
2120,0.710752896361855
2121,0.9997525144564944
2122,0.9834879366395669
2123,0.9994162650552023
2124,3.958330094419202e-09
2125,0.6928212488487863
2126,0.9935194950813361
2127,0.02108950771630921
2128,0.9708529369312835
2129,9.849343391714617e-06
2130,0.07339248538281279
2131,0.05835562721714082
2132,0.99970947744017
2133,0.02444306158799272
2134,0.9840065763139577
2135,0.8632545374551989
2136,0.12222065991555933
2137,0.004427302071981364
2138,0.0012040737329432692
2139,0.0007018139775537092
2140,0.9991951427630698
2141,0.9999490789574887
2142,0.9999440270233817
2143,0.9982134800310715
2144,0.18157805577950126
2145,0.9967519532614832
2146,2.0230880708441242e-05
2147,0.9354790514375494
2148,0.00035917117889413793
2149,4.670322746301348e-05
2150,6.465592923352647e-07
2151,0.45374662756184386
2152,0.46991176255500344
2153,1.6496697197670326e-07
2154,0.001049031746154331
2155,0.00013041194882740286
2156,0.0782355113739144
2157,0.7388782956397684
2158,6.773292541601986e-05
2159,1.2107368751384716e-13
2160,0.9984806526448919
2161,0.9999025115921224
2162,0.9990231432129119
2163,0.0032274756172260195
2164,0.1335148862829755
2165,0.9353449114583865
2166,0.9953627574703443
2167,0.8971167206287727
2168,0.20349372159234094
2169,0.994149558719209
2170,0.9998873154740777
2171,4.3017182611908023e-10
2172,0.0008950563198258346
2173,0.9996373249347886
2174,0.7735883551114294
2175,0.8368112031296766
2176,1.1669599991429108e-07
2177,0.09241302321483692
2178,0.3055954601026555
2179,0.9978857240723142
2180,0.9977075001877505
2181,0.035662117724216916
2182,0.9715631992537854
2183,0.9094346802669485
2184,8.830158264461746e-11
2185,0.8554748810617432
2186,0.9999854521446514
2187,0.013845288221426348
2188,0.044472751940526446
2189,0.9994096837813429
2190,1.181089549924669e-15
2191,0.7536947249234177
2192,0.9544224813558356
2193,6.018525842802338e-08
2194,0.0003508761962907806
2195,0.12799392680219937
2196,0.5952239961228007
2197,0.9700069585228851
2198,0.9995794282308921
2199,1.5953661822737065e-09
2200,0.9871218164765463
2201,0.9981816215378686
2202,0.01812689900012773
2203,0.0003525833228374426
2204,0.9999515673687441
2205,0.5564271602177412
2206,0.9988761371397255
2207,0.9999943270933767
2208,0.0001315836769278231
2209,0.9875151513541793
2210,0.001760337710856908
2211,7.986865190940808e-09
2212,0.7441790337621366
2213,0.9848201088698461
2214,0.8242133228850803
2215,0.9998497790456168
2216,0.9460753545019663
2217,0.7148033682873315
2218,0.05907185562867773
2219,0.9687280827244731
2220,0.010993200223866921
2221,0.9999924797048559
2222,0.9999886880519391
2223,0.9999360995129779
2224,5.596121365560142e-07
2225,0.9915416088573517
2226,0.9999965255512774
2227,0.9216551812076992
2228,0.9353769490501809
2229,0.9999999997231499
2230,0.08729018114400786
2231,1.8979352219804405e-10
2232,3.4945637473646505e-06
2233,0.9997847063937625
2234,2.405539695961415e-07
2235,0.23341251011523342
2236,0.21901146381198427
2237,0.042803399656490874
2238,0.019477452903868698
2239,0.9993478167497675
2240,0.44176817623487724
2241,0.003229966441093305
2242,0.9098545449801418
2243,0.40416728006299285
2244,0.00463293261458153
2245,9.290649867561174e-09
2246,0.33993730235518577
2247,0.5669476704019192
2248,0.9998516753015804
2249,6.6074175877892905e-09
2250,0.9999721090210902
2251,0.9999526203032509
2252,0.9916156535094905
2253,0.9999305258110222
2254,5.064437728195329e-07
2255,3.906206861437877e-05
2256,0.9997567463281781
2257,0.9996721735182318
2258,0.9593773783512892
2259,0.23885835845058417
2260,0.05266435868241329
2261,0.6012836542168657
2262,7.846778330743927e-06
2263,7.53867601084684e-05
2264,0.8697196246560625
2265,0.00027667257431611934
2266,1.90257727021513e-09
2267,0.9999361367045484
2268,0.9995315394384439
2269,0.9996391390216293
2270,0.9892554050034844
2271,2.218222617835485e-05
2272,0.9954817879386655
2273,0.99992534532441
2274,0.8243144799105931
2275,0.37745005924405095
2276,0.7513081492103616
2277,0.999890449220755
2278,0.006972272068443071
2279,0.0035573157277198272
2280,1.0015823529099418e-12
2281,0.9972079553936112
2282,0.05219917434021863
2283,0.9987344530855758
2284,0.9409020643806708
2285,0.8207091349302992
2286,0.015483234319906287
2287,0.9999708306358807
2288,4.583765216880464e-05
2289,3.111910649927546e-07
2290,0.9999999992267405
2291,1.2626980476650482e-07
2292,0.9987139631264103
2293,0.9999947507630844
2294,0.0005780584701952681
2295,0.9996886095732873
2296,0.9999187009267052
2297,0.9912670756421171
2298,0.9970006268508805
2299,0.999935204530019
2300,0.05151962922408952
2301,5.750539002697679e-05
2302,0.0005604629821381316
2303,0.9988470469254083
2304,0.9709141000672231
2305,0.13220074109377983
2306,0.9027139877056579
2307,0.9999998789740046
2308,0.9999433819352321
2309,1.0
2310,0.8181777713916124
2311,0.01603544225132866
2312,0.49956863843609794
2313,0.9995190697781023
2314,0.24084473805672504
2315,7.937142585718986e-09
2316,0.021851560207543107
2317,0.9355237293943774
2318,3.9806362396087116e-05
2319,0.005416733857838252
2320,0.9829615122305917
2321,0.9999660623438004
2322,0.9998948813091039
2323,0.16274179548683287
2324,0.2953650142413166
2325,0.5246621931471179
2326,0.9998525918926483
2327,0.9910470036697093
2328,0.00019959039865849094
2329,0.0001071481931457683
2330,0.00031401125483106174
2331,0.99966012964425
2332,0.9648497753402475
2333,1.5677104775615856e-05
2334,0.9945650764149225
2335,0.9996745368577491
2336,0.8170662235460497
2337,0.9893033211225177
2338,0.999992767569148
2339,3.396293916472167e-08
2340,0.9999967292678945
2341,0.06525169982837144
2342,0.0025553592565423404
2343,0.7593188907679931
2344,0.0015102689691708908
2345,0.8379724746498002
2346,0.8460675510730085
2347,0.9964393031314505
2348,0.9992815958011189
2349,0.00035720187525825256
2350,0.9995448925453749
2351,0.0055153614925219285
2352,0.9999850960431254
2353,0.905036817618122
2354,0.5305761901900271
2355,0.0006102893864629766
2356,0.02542056071459978
2357,0.9800498985813665
2358,4.46160590542504e-06
2359,0.9986830223588635
2360,0.9999701740647925
2361,0.9992365046960652
2362,0.2846788680506321
2363,0.9983130829679258
2364,0.9999835502592136
2365,0.9874846942214819
2366,0.0004600433905278984
2367,0.48197982837690356
2368,1.5968359016404977e-05
2369,0.9996729883103116
2370,0.0016200836507238479
2371,0.9913340270448038
2372,0.9999736713153811
2373,0.019525113356047754
2374,0.14487643967438277
2375,0.3105568105966264
2376,0.9997034250447717
2377,0.9939478263716266
2378,5.944048072299457e-07
2379,0.010186475605123266
2380,0.0015167300467364047
2381,0.9999546630739086
2382,0.9338245697444467
2383,0.016936538371450705
2384,0.9942895967945656
2385,0.0014186436820957467
2386,3.882614222473258e-05
2387,0.9924901076567778
2388,0.9993194398725029
2389,0.30372286420742167
2390,0.8872254055833994
2391,0.11760756921356483
2392,2.0776075247254855e-09
2393,0.7820371580995301
2394,0.00019510979869965302
2395,0.30654005945434976
2396,0.3528122258439758
2397,0.9980963450132588
2398,0.9988178161217721
2399,0.9955036574536026
2400,0.9982876463613051
2401,0.8652002250025745
2402,0.00023090147621124068
2403,0.021695841647353997
2404,0.2409000597447491
2405,0.00021534274090006782
2406,0.9999212661101928
2407,0.002090413006128821
2408,0.00156706654137949
2409,0.5375421964427401
2410,2.2558239109377755e-15
2411,0.6187458695027399
2412,0.9998698944217737
2413,0.999985786019159
2414,0.8380963750364276
2415,0.9912448172251123
2416,0.09829851120216927
2417,0.9998603780754913
2418,3.873602764855312e-06
2419,0.24937289019911896
2420,0.08121889778054381
2421,0.010450850045509467
2422,0.9974405963449073
2423,0.12775287753532055
2424,0.00014810037690251833
2425,0.0029124800793043112
2426,0.0036606859954144834
2427,0.15334774056592404
2428,2.066282669075514e-08
2429,8.102346396496045e-05
2430,0.564632031589745
2431,0.000452286529070526
2432,0.00013290621101153116
2433,0.9998252570552131
2434,0.4881565196676547
2435,0.9279336977874344
2436,4.1539428578828564e-08
2437,0.9999940277095841
2438,1.1083551686937442e-09
2439,0.27708412859107606
2440,0.9836926812817
2441,2.2154429513736157e-05
2442,0.9998243239657694
2443,0.9963039222219122
2444,0.9494365249797859
2445,0.9994555932844061
2446,3.6586155230858277e-07
2447,1.5663923250359092e-11
2448,0.9850996999652062
2449,5.421100505268213e-05
2450,0.9947256226675657
2451,0.7237434435349078
2452,0.0016951523408385543
2453,0.9999517176773739
2454,0.36211561002070236
2455,0.999032498622796
2456,0.13842235151008936
2457,0.999538728400081
2458,0.20807711249153268
2459,0.8295637460017482
2460,0.9998361043715843
2461,0.003943142501970822
2462,0.5740283924365343
2463,0.13534185796478743
2464,0.7961354601568713
2465,0.9974749200044949
2466,0.009269703632294438
2467,0.995919859224273
2468,0.007468864103186154
2469,3.8656918835039816e-30
2470,1.7645096052748683e-05
2471,0.036063303660013146
2472,0.9994100845536119
2473,0.9986956333439454
2474,0.9999083281542016
2475,0.013292014560201867
2476,0.9997988129315108
2477,6.169311554596633e-10
2478,5.530839391167477e-07
2479,0.9725034827143213
2480,0.9999891503018906
2481,0.01569870805209552
2482,0.9979922803292219
2483,0.9940749048100866
2484,0.9926705354207791
2485,0.9999904326251355
2486,0.0029380394944333124
2487,0.02320405988646474
2488,4.6016941904122996e-21
2489,0.9684169750557717
2490,0.9999926656153872
2491,0.43621727983242187
2492,0.9952512402085117
2493,2.5712825586506677e-05
2494,0.3477502334633427
2495,0.034295868095426035
2496,0.9782659386718021
2497,7.281703583051378e-15
2498,0.10509602823640522
2499,0.9642577491680726
2500,0.09075885184519293
2501,0.999608830963609
2502,0.9999392918292844
2503,0.9817115025800927
2504,7.992623373154301e-12
2505,0.00032251526406307083
2506,2.3060164222306056e-08
2507,0.9994770627852292
2508,0.430750476580907
2509,0.030076078106822605
2510,0.0003273962274778066
2511,0.9999999531996284
2512,0.006302448237561649
2513,0.9991974001327615
2514,0.9998957384366532
2515,0.9998459344857454
2516,4.6979898485223705e-06
2517,0.004493050697671779
2518,2.3904395499695116e-07
2519,0.00040459280383039104
2520,0.9956236088947779
2521,0.056295019038761836
2522,0.9996761898099706
2523,0.9329967988522379
2524,0.006981166890761337
2525,0.9995034684990688
2526,0.9999739292254113
2527,0.9999877303814737
2528,1.8724373716048002e-06
2529,0.9142216847962333
2530,0.14488561998536845
2531,0.014343906391760903
2532,0.9996797915662684
2533,1.519872920843844e-23
2534,0.9996354401449407
2535,0.5870068469595207
2536,0.9767238164205806
2537,0.963353276532015
2538,0.9945102425700827
2539,0.9992832806489298
2540,0.9579620633598406
2541,0.2851974212647984
2542,0.9999363894310237
2543,0.9999999990419302
2544,0.9940805506647354
2545,0.0015416753852651498
2546,0.9999843387750362
2547,3.0033668680961405e-15
2548,0.0024701241573221486
2549,0.9997446103692266
2550,0.20831206973781055
2551,0.9826715380024436
2552,0.9994856712887299
2553,0.9999394186275513
2554,0.9999637163652121
2555,3.041285172147013e-10
2556,0.8087190606811901
2557,5.286539580796923e-19
2558,0.001929521443337181
2559,0.03965893606935461
2560,0.0011726403534237449
2561,0.9964373640947597
2562,0.9863211668357942
2563,5.9135357944432384e-05
2564,0.9998390097476204
2565,0.9999979727541771
2566,0.9448253543871492
2567,0.9407901621501623
2568,0.999982864416136
2569,0.9999909184655477
2570,0.9998562659441325
2571,0.8721016720672213
2572,0.0018271328656432556
2573,0.12383503243696581
2574,2.451001232333554e-07
2575,0.4968653128375637
2576,0.9995572901262691
2577,2.5628602145676427e-10
2578,2.8208783840364957e-08
2579,0.9998036155281927
2580,0.9990318528730101
2581,0.9997935088160617
2582,0.9999261268475986
2583,0.2034759292931668
2584,0.0006359558279603492
2585,0.972223740210795
2586,0.0027094870882236324
2587,1.4971100539545345e-07
2588,1.0511307121619849e-14
2589,0.05983753743190062
2590,0.9999678039273042
2591,1.0148735815632174e-06
2592,0.9998574080302612
2593,0.006641212219043574
2594,0.0012152383924653063
2595,0.1479583682391403
2596,0.07842576243271362
2597,0.4023458975675083
2598,0.9994345493232639
2599,0.9999998617673385
2600,0.4291938065106181
2601,0.9998816747212982
2602,0.9999766109316999
2603,0.016365657087354307
2604,0.8327875083396935
2605,0.9846864152808208
2606,0.4844466757619633
2607,0.0020718325737953233
2608,0.2544461549278313
2609,0.16896244374225483
2610,0.9925223443508967
2611,0.05394247201240955
2612,0.0004361562871906884
2613,0.9981394506656196
2614,0.010363788472167304
2615,0.9999864115775804
2616,0.9933769257576296
2617,1.0
2618,0.056827790493814166
2619,0.00040266013828709277
2620,0.0005326719747378055
2621,5.663598863894275e-10
2622,2.205165057989136e-06
2623,0.0005832491493395921
2624,0.04318386217667407
2625,0.9831233103481613
2626,0.9939134146341437
2627,0.999424532389784
2628,2.6477961260216442e-06
2629,0.9994642652268559
2630,0.9999543364409186
2631,0.9497997317642277
2632,2.7248434599817795e-08
2633,0.9983288308471598
2634,3.769282866059871e-05
2635,0.008142265514768817
2636,8.189659965551348e-13
2637,0.002384096160777129
2638,0.9820090616381252
2639,0.9951188244585224
2640,0.0006670916765733936
2641,0.9878223617622669
2642,0.9901730588882837
2643,0.7374965887909719
2644,0.004177392558062871
2645,0.9981236362539072
2646,7.908414279629183e-06
2647,0.9280736099467095
2648,0.0028224747596079383
2649,0.999990631787183
2650,1.0016573300092018e-06
2651,0.9971581515998904
2652,0.9990561666024639
2653,0.999918461911558
2654,0.9997535723000835
2655,0.030448037556874138
2656,4.810578965462788e-10
2657,0.1682996109506886
2658,1.0193130422297372e-05
2659,0.999271612461657
2660,0.9932173317872596
2661,0.9999998378145921
2662,0.1610257793173644
2663,6.17584455320302e-10
2664,1.8689982421595445e-24
2665,0.36403951102534754
2666,0.00012087281879711297
2667,0.17381452187875607
2668,0.9997795740915306
2669,0.9546326695062338
2670,0.8333771059445823
2671,0.06574540967046727
2672,8.105915679112142e-06
2673,0.999895332862343
2674,0.0012400857565464652
2675,0.8850219850528193
2676,0.9087422650924648
2677,1.4942388922322833e-05
2678,0.9771296750590015
2679,0.13705770986438018
2680,0.9999876582446392
2681,0.7032842617246565
2682,0.6918606522575854
2683,0.9999755552012562
2684,0.12131997841930682
2685,0.00021786547554744832
2686,0.9999360475626257
2687,0.9733880329860454
2688,0.8167241494179888
2689,0.005665983711332923
2690,0.0017541059563375015
2691,0.9743469785350314
2692,0.998232973115839
2693,0.9660337781489806
2694,0.0004743121120438407
2695,0.9978177968559117
2696,0.21253479557030436
2697,0.06193400206680129
2698,4.3551505529691664e-15
2699,0.8199568571737398
2700,0.999820918220993
2701,0.9871473245151142
2702,6.290822253918169e-05
2703,5.676508508024526e-07
2704,3.5668939728186364e-06
2705,0.0023696028748261336
2706,0.18457972092240194
2707,0.0005727673032660382
2708,0.9989611544960655
2709,0.9999383616483476
2710,0.4790366552753656
2711,0.995700782040947
2712,0.9997441441470265
2713,0.2337101536031721
2714,2.1917304996176813e-14
2715,0.0030128627097512762
2716,5.636394895569908e-06
2717,0.9999784293240103
2718,0.02922908157663863
2719,0.9997845449516086
2720,0.9998104010842799
2721,0.9988954801177338
2722,6.44371233783046e-06
2723,0.9998969447282967
2724,1.9499232587717367e-05
2725,0.710111155745071
2726,1.511864564693332e-05
2727,0.9999999948605856
2728,0.00026613599908452065
2729,0.0002485578614781169
2730,0.998455181724896
2731,0.7518506764304205
2732,0.9967095457389549
2733,0.9940519122170379
2734,0.999949355808126
2735,0.0005058627737963355
2736,0.0001832733363132064
2737,0.9829673508057669
2738,0.9998977464542617
2739,0.006880334761318755
2740,0.0030642073143458642
2741,0.9998950983163132
2742,0.8361036620569754
2743,0.5750748824268481
2744,0.5482346323860009
2745,0.7481833593174357
2746,0.00026618942089035936
2747,0.0001528199652715375
2748,0.043423737067946104
2749,0.9999943080923427
2750,0.9999868929109178
2751,0.3168482002029412
2752,0.0010581743961724432
2753,0.31622618500341826
2754,0.8142147086927987
2755,0.0005114807858958904
2756,0.9978540013402505
2757,0.00020604623520528736
2758,5.103283705993802e-05
2759,0.9999275647471055
2760,0.5511239966357516
2761,0.9949757430781178
2762,0.9730802353228113
2763,0.9999673623076991
2764,0.003577759261255325
2765,0.0020596332615946816
2766,0.002324950437922154
2767,5.816444083275085e-12
2768,0.005463110357699757
2769,0.9997231076066057
2770,0.9933371192026726
2771,0.984079313794892
2772,0.1726541343877609
2773,3.9857340533527554e-09
2774,0.7948336957196903
2775,0.9977435008294829
2776,2.706740478808498e-07
2777,0.9131279116849572
2778,0.8071085201657567
2779,8.929065604592171e-05
2780,0.9689955032044364
2781,0.011071054924785596
2782,0.7361552656306092
2783,4.710017911485627e-06
2784,0.012585732547244608
2785,0.9298167313532306
2786,0.007382332862078326
2787,0.0773155398947291
2788,0.48433813091275446
2789,4.277058947462356e-05
2790,2.96219050693093e-06
2791,0.5503767722612699
2792,0.9708536330429427
2793,0.12452839775122274
2794,1.9324481978764538e-09
2795,0.8841486171286371
2796,0.8340775280597726
2797,0.9999910650388405
2798,0.9995423799215207
2799,0.00030885746322482666
2800,0.18270062416243596
2801,0.5753478519075805
2802,0.0015607565703202727
2803,0.0023379858557877847
2804,0.7963743474158804
2805,0.9999421512918744
2806,1.0638600336979962e-07
2807,0.9506281367497712
2808,0.9986396846316797
2809,0.17415396654889395
2810,0.9858829145013289
2811,5.8078195686338304e-05
2812,0.11702792931645133
2813,0.0005346465459068936
2814,0.8739599485508837
2815,0.9993331015540754
2816,0.5844517833371109
2817,0.9282583996821034
2818,0.7271723349600099
2819,0.9957864744171172
2820,0.010010447885789791
2821,0.0016520290150357215
2822,0.9997530074250102
2823,0.003401488401323697
2824,0.9986690337102309
2825,0.8429820735878657
2826,9.375346918144227e-10
2827,0.0772423660643211
2828,0.995379513825999
2829,9.255604637487147e-08
2830,0.9998383417233353
2831,0.0014798967536067454
2832,0.009498886389938857
2833,0.9613434112051271
2834,8.19797548261356e-09
2835,0.5163665431640488
2836,0.9999206957262058
2837,0.01545522011472647
2838,0.9307117404675588
2839,1.0548281197916353e-13
2840,0.004489317380847182
2841,0.9981799177374115
2842,0.0036254000373580537
2843,1.290015025873438e-08
2844,0.9998471601059519
2845,0.2835380227778097
2846,0.9904697638680607
2847,8.394193292423808e-06
2848,0.01974351349884305
2849,0.013955226931596709
2850,0.6123767673693983
2851,7.204768421468872e-07
2852,0.02026741325687131
2853,0.9999111582775393
2854,0.9995432397967894
2855,0.5830585456785478
2856,5.634672652422778e-15
2857,6.355252302170771e-05
2858,0.05460902246615666
2859,0.7408547471252154
2860,0.36149137124475544
2861,0.5182547490005305
2862,0.9999344702793445
2863,4.394426742741565e-06
2864,0.9956409000981066
2865,0.9999794265571574
2866,0.8138812672153395
2867,0.9999628587843112
2868,0.02440169574978635
2869,0.9911936420727281
2870,0.9999198603715177
2871,0.9999871744213491
2872,0.01192230025105356
2873,0.9999999999999845
2874,0.0009445152025000249
2875,0.9415499387566951
2876,0.9998890692941709
2877,0.8711817882116172
2878,2.7284041894040712e-11
2879,0.0363893237687092
2880,0.6682395797963958
2881,5.4908517887411044e-14
2882,3.278642761449502e-05
2883,0.9678383520526423
2884,4.789983945067393e-05
2885,0.042820387447780855
2886,0.957871895806555
2887,0.9998451365988769
2888,0.06412272412656417
2889,0.9999968762007718
2890,0.9979756447896755
2891,0.4153686800720522
2892,0.9997646449916987
2893,9.682087477381064e-08
2894,0.9999836863337963
2895,0.16685863931148334
2896,0.8923080149999143
2897,0.9999998193814765
2898,3.5221418704988846e-11
2899,0.9999698509638666
2900,0.9731500137671097
2901,0.9533483091642116
2902,0.9731343157267252
2903,1.8238355935900729e-06
2904,0.9527131692814519
2905,0.01235891407198977
2906,0.036638107702094865
2907,0.9997258032874912
2908,0.13552363642231818
2909,9.066086585183689e-11
2910,0.9684573358641845
2911,0.0010468996663576834
2912,0.0017198376475367103
2913,9.891047688254157e-05
2914,0.9423505582675894
2915,0.12891926468647932
2916,0.6671234909275615
2917,0.9982482786356376
2918,0.9999100027579603
2919,0.9999521198575255
2920,0.9999981763534426
2921,0.9999999201308726
2922,0.9999994841030836
2923,1.7079080283484346e-15
2924,0.9996533505048444
2925,0.9326673661387361
2926,0.9998531608751847
2927,0.1132882995013824
2928,0.9974991624444004
2929,0.999843777884321
2930,0.9920542023121788
2931,0.9999676592415463
2932,0.999668196241671
2933,0.9995143661084968
2934,0.7030702254526352
2935,0.3250906077380541
2936,1.0620742818162987e-06
2937,0.9998561474071285
2938,0.0411866756864513
2939,0.9967460478292911
2940,0.9989077566041166
2941,0.9995928041064679
2942,0.07513406099800474
2943,0.6645973638260999
2944,1.0077298566408115e-06
2945,0.014500285061671458
2946,0.4862172028862682
2947,0.9999479599471017
2948,0.9999810483525045
2949,5.066382689675895e-05
2950,0.9999678295086077
2951,0.9999371721859598
2952,1.3805498152760232e-05
2953,0.9996298852797703
2954,0.5511509065130158
2955,0.9984193905859698
2956,0.8585915681137816
2957,0.0002297017411557234
2958,0.993913202301874
2959,0.999978003644707
2960,0.611378612865336
2961,4.304650664569068e-05
2962,0.0006365064587472118
2963,0.8412293230968244
2964,0.9999978709079722
2965,8.074718640866866e-08
2966,0.0007486883370362746
2967,0.9994146854115971
2968,0.8432970682326416
2969,0.8066354347011312
2970,0.9999452839882201
2971,0.9998656654574705
2972,0.3886975205104411
2973,0.7376720958483468
2974,0.9986916815778502
2975,0.9999186889993827
2976,0.9999366778167598
2977,0.6718810759290728
2978,0.9999840192601577
2979,0.999992653084452
2980,9.723108865919143e-05
2981,1.6675405302377699e-09
2982,8.659026554642175e-05
2983,0.013775989247138354
2984,0.9980542082865832
2985,0.3727027183689303
2986,0.2649482598364461
2987,0.9972262133231822
2988,0.02365036153816611
2989,4.535581019670637e-16
2990,0.0011954718541769068
2991,0.9999256524730161
2992,6.192560682000569e-05
2993,0.42535279424456934
2994,0.0013355300420748084
2995,0.9994446886591528
2996,0.22886573096296348
2997,0.9235659060712798
2998,2.509286591308985e-07
2999,0.14244626906172736
3000,0.00016713374460803346
3001,6.130315339332861e-06
3002,0.712241308873368
3003,0.9610587005047481
3004,0.9870885866972053
3005,0.9999769403536729
3006,0.9999994510267364
3007,9.019629849969674e-05
3008,0.9999282640724071
3009,0.8909781234876333
3010,0.9530969745215944
3011,0.0054321344430168705
3012,0.0013513383742288858
3013,0.052252154322678344
3014,0.8884021219970919
3015,9.942638970863563e-09
3016,8.666424154949982e-07
3017,3.476063362067411e-05
3018,0.9962131576732084
3019,0.9999151289954115
3020,0.9918882653371737
3021,0.9943812839933834
3022,0.11777456728326237
3023,0.11146826434126204
3024,4.109911275482848e-08
3025,8.319078368879999e-05
3026,7.337881143534778e-05
3027,0.9999621056217131
3028,0.9998266197695193
3029,0.6988783356119825
3030,1.1783481432036963e-15
3031,0.9993052303078065
3032,0.9899640459966943
3033,0.9999999999977567
3034,0.3937109952902803
3035,0.0003324392187197087
3036,1.8881806117324452e-13
3037,0.9999749150925761
3038,8.535302105584323e-05
3039,0.9997234297349624
3040,2.1040226440884487e-09
3041,5.704464595426563e-12
3042,0.9997539246659338
3043,0.9958288599580438
3044,0.9997735001740161
3045,0.024299394929132766
3046,0.9802429962221259
3047,0.515062858235966
3048,0.999388167380252
3049,0.9156120515423211
3050,0.9987806355713591
3051,0.8195555760101348
3052,0.001649639915548197
3053,0.8638028325113675
3054,0.001707932089036676
3055,3.9106186037014e-07
3056,0.9531271455217712
3057,0.9999497158411788
3058,0.9998372427680818
3059,6.959200692250913e-12
3060,0.2944737919066796
3061,1.2482663455384758e-06
3062,0.9997101168708623
3063,0.9958888843937884
3064,0.9923684953776246
3065,5.0696428211128e-11
3066,0.9969881203518615
3067,2.922810545893318e-05
3068,0.9999627096116779
3069,0.43612114122345463
3070,0.9996977154581855
3071,0.964953000803223
3072,2.1873911749589417e-14
3073,0.9999885024780062
3074,0.004086557645342865
3075,0.8162623541303132
3076,0.02431037643953316
3077,0.8358672586548523
3078,0.00016975162156139997
3079,0.00022965168630462648
3080,0.9999516676069556
3081,0.9997511531249111
3082,5.785004589909371e-23
3083,0.037423249089351775
3084,0.2433756480101506
3085,0.40154929250044125
3086,0.9999892653239622
3087,0.9750021195680163
3088,0.9805876259654934
3089,0.8385684121048433
3090,0.9483044993107681
3091,0.03412944202857187
3092,0.9999166981518505
3093,0.0032988927628347367
3094,0.9991092599963991
3095,0.26660810412046976
3096,1.53513845175137e-05
3097,0.9996201843672635
3098,0.999961565240789
3099,0.9147184529417635
3100,0.9982227160458832
3101,3.874025030672434e-05
3102,0.7889075284282742
3103,0.0001189692206070234
3104,0.24365339653765708
3105,0.9986421027995671
3106,2.060210211541388e-05
3107,0.1009332844098986
3108,0.0001629150491309244
3109,0.008087415510034725
3110,1.7948240089723186e-08
3111,0.0009552544590098235
3112,0.9676202862293783
3113,0.9230811490289094
3114,0.9588562341779385
3115,0.9999589114651986
3116,0.37458692932751353
3117,0.715619027369547
3118,0.8744354567687451
3119,2.3962425739633337e-06
3120,0.02757877084545305
3121,0.068505145564704
3122,0.1925367743779093
3123,0.9780757976439737
3124,0.15550418498748997
3125,0.8737121957262869
3126,0.9999314532703406
3127,0.99960859006478
3128,0.9624677925735378
3129,0.9998473015462661
3130,0.9999904990120289
3131,0.9536890454125452
3132,0.999999999991678
3133,1.068245362955565e-05
3134,1.264424074874921e-08
3135,0.413982425337761
3136,2.0181788902452137e-07
3137,0.16557194098201233
3138,0.9998340581253838
3139,0.9992625082594419
3140,0.9996805852161085
3141,0.010217489241014097
3142,0.518786348667498
3143,0.13859357571129302
3144,0.10442366952975275
3145,0.9999976111258042
3146,0.999973086986372
3147,0.9986151793494012
3148,0.9999796952913194
3149,0.4958186212517391
3150,5.941594392668185e-59
3151,0.8819092270610471
3152,0.9999912092976051
3153,0.9976689915741939
3154,0.7549433421667245
3155,0.018910937505204086
3156,0.9998816947065408
3157,0.9999999999474289
3158,0.9879425431939036
3159,0.9999695043996889
3160,3.1655278433659846e-06
3161,0.9999415235651972
3162,0.0011568503628812048
3163,0.016836511895205776
3164,0.9992973573655356
3165,6.389619144597261e-12
3166,0.005844235099965251
3167,0.998518848754663
3168,0.9998882808085812
3169,0.990514548110153
3170,0.7667046699630581
3171,0.9998437963314777
3172,0.002587647347198682
3173,0.9999368364582005
3174,0.9925484821005247
3175,3.509248418832367e-05
3176,0.9999999999868949
3177,0.0024887138004833316
3178,0.9996367240145485
3179,0.020547786833798116
3180,0.9977112914997834
3181,1.8201881316824885e-05
3182,0.9940552920401087
3183,0.8062472905639264
3184,0.9994562046189298
3185,0.9999569128130649
3186,0.9991177928645255
3187,3.599336061166421e-05
3188,0.9997602576557911
3189,0.998467435991552
3190,1.2612873859212381e-07
3191,7.39438248938768e-16
3192,0.0005838695207337179
3193,9.526865538842799e-08
3194,3.770900901770974e-08
3195,0.9983046615001142
3196,0.4831494378675961
3197,0.004622362884868098
3198,5.046577142006171e-09
3199,0.002023440959515325
3200,0.9740102072790499
3201,0.9999673066343145
3202,0.9999807300596534
3203,0.9085739475896082
3204,0.0027467649702520164
3205,0.00019234143382347845
3206,0.9999010089511825
3207,0.999994283519992
3208,0.9995601465625179
3209,0.02462710767187102
3210,0.5010771009525931
3211,0.9970454630430408
3212,0.007407740054633431
3213,0.00035438666767514715
3214,0.9997640177612925
3215,0.9979299666409971
3216,0.9999894334448539
3217,0.5599650650617148
3218,0.8190283533301549
3219,0.001062889410941592
3220,7.1019968413741995e-06
3221,3.140141658097827e-07
3222,0.9909385551734707
3223,0.9933832651741868
3224,0.8630894654467894
3225,0.9774667169012241
3226,0.9999917147983568
3227,0.33351810454348885
3228,4.072843378811025e-22
3229,0.972421195164464
3230,0.9963370455266736
3231,0.9845115973346179
3232,0.9804459003091409
3233,3.2919844847422025e-12
3234,0.9998814883756562
3235,0.10493371664200528
3236,0.19331530915493209
3237,0.05885617791022033
3238,0.24240130569876073
3239,0.9999672889591851
3240,0.9197854959998578
3241,0.9875107423356163
3242,2.4670722716026977e-07
3243,0.9917349804477542
3244,0.9999660206456102
3245,0.9996509691813101
3246,0.0003536509407432021
3247,0.9689137250783111
3248,0.00687049059611412
3249,0.17885393668873525
3250,0.006351004955918644
3251,0.00035289819813204206
3252,0.9954403167222018
3253,6.699449674312219e-10
3254,0.0017721093234309155
3255,0.006145447847828604
3256,3.749681626118506e-07
3257,0.9985301236983297
3258,0.9999434687557699
3259,0.9999435652522372
3260,0.10224323747692683
3261,0.9999678930504093
3262,0.5414179489250008
3263,0.9998964388974181
3264,0.9998463235710425
3265,0.6206002686518252
3266,0.6863599083080033
3267,0.22128202436705188
3268,6.650967856172024e-06
3269,0.0001909276588261534
3270,0.004816511161402028
3271,0.9997675085398384
3272,4.753170162834075e-06
3273,0.9964953854134433
3274,0.9825778435344777
3275,0.9999998766586685
3276,0.28748316840687493
3277,2.0209947883559157e-10
3278,0.8012647765207772
3279,0.9998584185876762
3280,3.277198837366756e-08
3281,0.015195159050661966
3282,4.724702210437227e-05
3283,0.9998974421986236
3284,0.9932809166668407
3285,0.00046748807657218946
3286,0.8979167462810522
3287,0.902571973788544
3288,0.9998215282646735
3289,0.2977181416503736
3290,1.669210514844878e-05
3291,1.749997518001402e-06
3292,0.999940807898801
3293,1.1932100219536737e-10
3294,0.2525396815993346
3295,0.9998829513921887
3296,0.9830687979122789
3297,0.4302966818978813
3298,1.9141708920754843e-08
3299,0.10512314331370254
3300,0.000718046903076915
3301,1.5345703603309614e-16
3302,4.813875593812963e-08
3303,0.9999499380245697
3304,0.998510372182945
3305,9.03412934892946e-06
3306,0.015156868461459395
3307,0.0021305638706559347
3308,0.9952397191508129
3309,0.9994423104211384
3310,0.9999947864442277
3311,0.0038225396475993494
3312,0.9465982652170452
3313,0.3904609918817539
3314,0.9583881673555839
3315,0.258282332680395
3316,7.665496843254725e-05
3317,3.420217838544411e-05
3318,0.999888790757742
3319,0.8972505869545636
3320,0.010126493790917984
3321,0.9998730533973181
3322,3.247614111254656e-06
3323,0.997776874076876
3324,2.7105463292008683e-06
3325,0.9929431669104732
3326,0.5111913385814294
3327,0.9998959523668746
3328,0.0002285628570642275
3329,0.002465297104495896
3330,0.0012833340074205784
3331,0.9505613049258871
3332,0.043191470221214105
3333,2.3649306413164162e-07
3334,0.0016075166971243292
3335,0.9992935317326872
3336,0.8407130525877128
3337,1.105375025347862e-40
3338,0.21378545950403935
3339,0.9999921923124578
3340,0.9892501800812045
3341,0.8791838804171541
3342,2.0429767076445383e-05
3343,0.0029967985566849214
3344,3.0922960658692083e-09
3345,1.4145494963527587e-07
3346,0.002883989394993606
3347,0.9280538157623536
3348,0.9997681959651611
3349,0.9999844531881656
3350,7.545200006479119e-09
3351,0.996171032239656
3352,0.01940592976163537
3353,0.9991804431671604
3354,0.9986709416253005
3355,0.9942114148864791
3356,0.022467509301688685
3357,0.548550864358304
3358,0.41107230180992865
3359,0.9929996447215059
3360,0.9998708169326185
3361,5.888163853658111e-10
3362,0.02294039703251196
3363,4.0005256728100894e-11
3364,0.9999360208067464
3365,0.2845510822224629
3366,0.9999990902415957
3367,0.9817638258996223
3368,0.815584783250138
3369,0.23462256208678867
3370,0.9518163006822867
3371,0.998276720134544
3372,0.9761068881230559
3373,0.001203792181889304
3374,0.9995864262358581
3375,0.4694082221108153
3376,0.4227755675079628
3377,0.00026544183711089037
3378,0.0005785616481373383
3379,0.9988153045669981
3380,0.9838017912146698
3381,0.9017827149011708
3382,0.15985687122844813
3383,0.9999144396052709
3384,0.9977747649710785
3385,0.9996027583847855
3386,0.9993448129623879
3387,0.14558545729197472
3388,0.028759133172971234
3389,0.9998348729912236
3390,0.9273038134718395
3391,0.9999931934728519
3392,0.9999902502760128
3393,0.003535947295185946
3394,1.5422844550498738e-05
3395,7.019730289118369e-06
3396,0.999960522541165
3397,0.9418559784209771
3398,0.9985012938584142
3399,0.004377975261419943
3400,0.9975860584598504
3401,0.9965956052543978
3402,7.621826072278802e-06
3403,0.9589496521667868
3404,0.052228624434724494
3405,3.0981164773228127e-09
3406,0.0159517850690188
3407,0.9998812223699394
3408,0.9255770834828355
3409,1.1317489102858415e-06
3410,0.055772873980372346
3411,0.04395793684148116
3412,0.3480326653307104
3413,0.9990927196827097
3414,0.745234315276675
3415,0.9998352346012636
3416,0.0003426750337742199
3417,5.80126398395431e-09
3418,0.9999612255031264
3419,0.9999208334534657
3420,1.539227792342031e-11
3421,0.9996480325205415
3422,0.04828565089400152
3423,0.9157944376966508
3424,0.0014933517286710033
3425,0.999967294942866
3426,0.01789360412231131
3427,0.9996913778134994
3428,0.9999512871875568
3429,0.3919864592123943
3430,0.9997907264321666
3431,1.6770965760042795e-18
3432,0.000255326698759753
3433,0.17919339357889416
3434,0.9947009084504785
3435,0.011641283303353523
3436,0.0007392103277075074
3437,0.17005605359903617
3438,0.9999821438551042
3439,4.621039143770242e-07
3440,0.9999333363910813
3441,0.9997604542049439
3442,0.9990291477989951
3443,0.9999989680484189
3444,1.955862823605417e-05
3445,0.9997657379461953
3446,0.9999981533503135
3447,0.0540554942405539
3448,0.0074721895111436246
3449,0.8153044246401671
3450,0.9999941294621421
3451,0.9999992538616028
3452,0.9999999999992029
3453,0.9999177095494084
3454,2.692053770986043e-09
3455,0.9966965396870047
3456,0.9914590850013698
3457,7.501662706137104e-06
3458,0.3735998451000285
3459,0.9966990538182597
3460,0.9999428047421917
3461,0.9999513110495409
3462,0.0009261221702134031
3463,4.635945618396253e-06
3464,0.9881157265330597
3465,0.9999656357610552
3466,1.5637144026945601e-06
3467,0.26190205438556313
3468,0.9997442129109204
3469,0.9996925425169562
3470,0.9954955585740776
3471,0.6131223178912515
3472,0.31139255678950295
3473,1.000725373851269e-06
3474,5.2031335910596894e-11
3475,0.0016723762428174998
3476,0.985673559209481
3477,0.04589552619897472
3478,0.8387472793581936
3479,0.7788557264650051
3480,0.8076854273897457
3481,0.9995613006257758
3482,0.712693277363668
3483,0.08413584331592462
3484,0.999788217673144
3485,3.0568921708576866e-06
3486,0.10017760829015349
3487,0.9863984572223534
3488,0.9999746910521651
3489,1.731583400268791e-11
3490,0.00012931606498105123
3491,0.05370400504147451
3492,0.18417284720181318
3493,9.381837388232895e-05
3494,0.999946774384856
3495,0.92874249100931
3496,0.989098354108436
3497,0.9997816525312923
3498,0.2080741963336698
3499,0.5020294747377484
3500,0.9989160390989799
3501,0.9999999644484879
3502,7.99916037624914e-11
3503,0.001400645683878928
3504,0.993769101759082
3505,0.9999783740061793
3506,3.2265722199103245e-07
3507,0.945905151966267
3508,0.9999086640272133
3509,0.9931273983755204
3510,0.9685080964422502
3511,0.01844119711976401
3512,0.9992665419813032
3513,0.9973726403298857
3514,0.9999975152134761
3515,4.053708221298539e-08
3516,4.111693831567963e-05
3517,0.9999984957727744
3518,0.9975705463793827
3519,6.349488621805222e-12
3520,3.8075969697970712e-06
3521,0.7702775800381689
3522,0.7833232859458651
3523,0.9996952847982014
3524,0.13205471183684442
3525,0.9966232529816137
3526,0.9999998634117195
3527,0.9995692958268101
3528,0.9998528367962987
3529,0.9991540515853773
3530,0.0001991910144229899
3531,0.9999830906921421
3532,0.011867346571858504
3533,0.8502534338371933
3534,0.9997723220387643
3535,0.002634042404380775
3536,1.4981892638704413e-07
3537,0.9999908534381261
3538,0.9999635452053948
3539,0.9979981545443763
3540,0.8984548409430844
3541,0.9931193536601426
3542,0.7840263053664115
3543,0.10064517599168991
3544,0.8740668772013565
3545,5.950310798960461e-07
3546,0.005478030592491252
3547,0.999999999883562
3548,0.9999552753050418
3549,4.505610430917907e-05
3550,0.04481678585429655
3551,0.961218347497006
3552,0.9939318124647342
3553,7.536131322333616e-05
3554,0.9999432805947633
3555,0.5506854200560943
3556,0.9997598072045797
3557,0.005013644086959005
3558,0.13459484150840503
3559,0.7731471990750914
3560,3.8675837000811384e-05
3561,0.8714171937677936
3562,0.00015950104944690863
3563,0.9999878871380615
3564,0.24655017096399312
3565,0.014644080479808178
3566,0.9639856465651062
3567,0.9494480939584877
3568,0.9999923538196767
3569,0.3109499439046723
3570,0.006612339805320792
3571,0.6905627607384147
3572,0.9432113520801308
3573,0.0037726453327988387
3574,0.023962762377693528
3575,0.13287590863531473
3576,0.00024564090851001156
3577,0.7908321049966534
3578,0.9999627829932405
3579,0.9993073320184097
3580,0.008619842248902101
3581,0.5760770540338245
3582,0.9984035499423072
3583,0.9944839135668173
3584,0.7959673553229321
3585,0.9999824572892155
3586,3.945077650457542e-07
3587,4.338701295518175e-08
3588,0.002610388484745239
3589,1.9197031371869176e-05
3590,0.900162089643629
3591,2.9716079708132894e-05
3592,2.2782320683454607e-08
3593,0.999917550241931
3594,0.9999995317776603
3595,0.007516919246141533
3596,0.9999902462336417
3597,0.9995368514469624
3598,0.9999531328192708
3599,0.005622390384534968
3600,0.0010022052597992977
3601,0.8372079155763944
3602,0.877014408365827
3603,6.638635574802862e-06
3604,0.9829225438213414
3605,0.03654645995524952
3606,0.9999174085732664
3607,0.999639314031274
3608,0.011270178933877715
3609,0.9922000974846324
3610,0.9454886246354967
3611,0.0012943703252291387
3612,0.003209264451326119
3613,8.087539493024192e-06
3614,0.04682470575265977
3615,0.023542722466328287
3616,0.9943634012943043
3617,0.0002922143560922947
3618,0.9991854052990571
3619,0.7133480369203602
3620,0.00025945715238453245
3621,0.06101553576565561
3622,0.9122112176775117
3623,0.03484848050736787
3624,0.9810514398747069
3625,0.9998642964061103
3626,0.8620981230914813
3627,0.9344045323896247
3628,0.9844624342678083
3629,1.9134627481773993e-08
3630,1.4556248804637766e-07
3631,0.9304320001491067
3632,0.8056786243677231
3633,0.9999999999985616
3634,6.015916941218673e-13
3635,0.07773770257896388
3636,0.15264919667070767
3637,0.08996154862209216
3638,0.08794344088718554
3639,1.0260293271016692e-05
3640,0.8571630225118002
3641,0.003939108129612944
3642,0.996221565647177
3643,0.3013869388762489
3644,0.9905059702145266
3645,0.950642769790267
3646,0.30834198882729524
3647,0.22426418908830423
3648,0.9999999436582302
3649,0.9999003878185907
3650,0.9999199437451177
3651,0.9999825710708964
3652,0.4230035737503118
3653,0.9996748862533711
3654,0.010411617624345797
3655,0.0047717148421257604
3656,0.9904532587117163
3657,0.9919323903465439
3658,0.00011392558668862344
3659,2.2272511898142265e-05
3660,0.9999189169586601
3661,0.001644905215992626
3662,0.9998427336090007
3663,0.9703447504330632
3664,8.557110420827488e-07
3665,0.9995925365764712
3666,0.0007144924174767887
3667,0.08484241409979244
3668,0.07803112303983338
3669,0.9961806007964387
3670,3.8033852004211786e-06
3671,0.6406784704696498
3672,0.9993410270272027
3673,0.2725151600938298
3674,0.9921789825565223
3675,0.00037042080388911646
3676,0.09583539204265681
3677,1.6978685193978954e-05
3678,0.025568830349257166
3679,0.010365019427477504
3680,0.03610960759412803
3681,0.673695971780197
3682,0.8813310529736648
3683,0.9999855323773242
3684,0.1088608649056849
3685,0.9805735395323174
3686,0.18755123413847888
3687,5.979781828979565e-07
3688,0.012023244404392541
3689,0.00832611018754711
3690,0.3319885116891063
3691,0.9999396004770162
3692,4.4226636133649907e-07
3693,0.9999830680937508
3694,0.004365694536658805
3695,0.9941166160789581
3696,2.7460964100915636e-05
3697,3.042557203134456e-08
3698,0.9576425260714566
3699,0.4507403555333732
3700,0.9717021802755835
3701,0.5936675781314339
3702,5.27299406202378e-10
3703,0.8226333970062146
3704,3.3864288696330317e-05
3705,2.4042596306239358e-08
3706,0.3330718260805718
3707,0.99986922294117
3708,0.9999408459535662
3709,0.07633251346689814
3710,0.12256860892276847
3711,0.9952257085867983
3712,0.9847624675599307
3713,2.5917261290893856e-06
3714,0.002442872672694665
3715,0.9999982311371924
3716,0.9986158739217017
3717,0.0010380469662134365
3718,0.006398650807629012
3719,0.00321885374415079
3720,0.9518768007799274
3721,6.756642310075022e-06
3722,0.7609527442716099
3723,8.654550459959619e-08
3724,0.9998683767877606
3725,0.9172507578890624
3726,0.9999238272055416
3727,7.476211903363667e-06
3728,1.0
3729,5.412214444657644e-07
3730,0.9963553975590785
3731,0.46333237308934533
3732,0.20347644376573493
3733,0.0746591946339186
3734,0.00042614415784334776
3735,0.02857050655204456
3736,0.22487418247994181
3737,0.018542333898828842
3738,2.5199994498699995e-18
3739,0.040930073605692334
3740,0.4756658126046754
3741,6.996561561099954e-05
3742,0.044135620482681374
3743,0.77585853564157
3744,0.5935495038783763
3745,0.004677933838419815
3746,1.036923341823777e-06
3747,0.007062518846008584
3748,0.9973411306116808
3749,0.15423169991421345
3750,0.9700726494326823
3751,1.8848963101502442e-05
3752,0.9939293577302061
3753,0.000624985804661101
3754,0.002663832785472692
3755,0.9417481589278022
3756,0.005327648619627676
3757,0.07776555759233723
3758,0.5522778879818468
3759,8.980696321448898e-07
3760,0.2542818464278724
3761,1.2316098345274484e-05
3762,0.9987202748272657
3763,2.020412591946355e-05
3764,0.9997215647845795
3765,0.0029442266871806504
3766,7.007668507779073e-05
3767,0.9997815192273274
3768,0.946654648054407
3769,0.9999239254890283
3770,0.9976962791130312
3771,4.85732314704538e-05
3772,0.05231936682482848
3773,0.15890124980984718
3774,0.9998767419131691
3775,0.0016421820214570467
3776,0.0001399939521459173
3777,0.9999948205549869
3778,2.9591846128438444e-05
3779,0.5342044537793897
3780,0.9998167600094152
3781,0.58123736755192
3782,0.9663009586403573
3783,0.00631703207475505
3784,0.999998280834408
3785,0.7687749270119515
3786,0.04139860734168691
3787,0.18592102282497208
3788,5.08639565745253e-15
3789,2.83830162889462e-07
3790,0.7853283454238268
3791,0.0005358996582737896
3792,0.9996601510709929
3793,1.159371080460003e-09
3794,0.007473141981604054
3795,0.9884901947918405
3796,3.361281842752955e-05
3797,0.00017173819800215683
3798,4.073376158803125e-07
3799,0.9975190027451868
3800,0.14092878573892878
3801,0.0018951286692376853
3802,0.9999899636089761
3803,0.9997831210789819
3804,1.5348620772122359e-09
3805,0.05912970635750792
3806,3.5006890014927585e-06
3807,2.2799204692424456e-10
3808,9.798284273570752e-05
3809,8.877828824971628e-12
3810,0.0013038329071265711
3811,0.999981551063694
3812,5.0492269589542154e-05
3813,0.9989902809935193
3814,0.9998643503954557
3815,0.002281939259554833
3816,8.465357990104787e-09
3817,0.8999158376189138
3818,0.3808198370429767
3819,0.43101189681910435
3820,4.064044940795304e-06
3821,0.856478640569229
3822,0.9678813579904351
3823,0.9998641622365966
3824,0.0036877726479307344
3825,0.9570444717920291
3826,0.22799769942963985
3827,5.072553286317183e-12
3828,0.26403229663925104
3829,0.9999100541549748
3830,0.006642856586151657
3831,0.08690396497617434
3832,0.9996438210607632
3833,0.9999861336409727
3834,0.4960669306872125
3835,0.0001458511841512117
3836,1.4660025327824838e-10
3837,0.9879047307608252
3838,0.04381832988502596
3839,0.9958403312342967
3840,0.0008744048696038399
3841,0.15264100915477738
3842,0.9910805488236217
3843,0.9995088889055956
3844,0.010649428270715381
3845,0.7808979990577012
3846,0.9255099032647864
3847,0.9965444920525262
3848,0.5736492245726956
3849,0.9999920968566823
3850,0.012116257048570996
3851,0.9756404633121715
3852,0.02841226777712214
3853,0.9654132786381091
3854,0.12116257565152484
3855,0.9997324402822652
3856,0.9999937149030579
3857,0.007635197251191988
3858,0.9998564763770852
3859,0.006773505958407199
3860,0.35731825260561906
3861,3.2079101997538626e-08
3862,0.03925934465111185
3863,0.9999999893575039
3864,0.5173829675199357
3865,0.03788762523634946
3866,0.9998949599182606
3867,0.0007096371141557437
3868,0.9998691241882228
3869,0.6605265188041258
3870,5.893497360200667e-14
3871,0.9985875078161589
3872,0.9977471612907562
3873,6.029300139003341e-07
3874,0.8678106946965692
3875,0.999970867907731
3876,0.9999823423210411
3877,0.7865855367965611
3878,1.1202306924432809e-07
3879,0.1358854982772938
3880,0.0007460269502104245
3881,0.9972508000741467
3882,0.6717307483869517
3883,0.999996690353773
3884,0.8351938333993983
3885,2.2655103254284158e-08
3886,0.9997231918197873
3887,0.9999193143618321
3888,0.9448964616632423
3889,1.0
3890,0.00039180299921718947
3891,1.0524343646139841e-09
3892,0.9999852859347064
3893,0.9999725227340037
3894,0.9991893371904508
3895,1.548381783784802e-33
3896,0.9982538005412874
3897,0.9999514151054801
3898,0.9999576929294038
3899,0.8611269196549333
3900,0.9998793399550014
3901,4.991693483776426e-07
3902,4.292124370950846e-06
3903,0.02089791536540347
3904,0.9805672431917802
3905,0.9983736792514416
3906,0.00019224997644273206
3907,0.2391415561583582
3908,0.9996340080760865
3909,0.016288870469603485
3910,0.09046497217858676
3911,0.03819927149569977
3912,0.9999969749416656
3913,0.06158891504269466
3914,6.835191685434553e-05
3915,0.012826937234122518
3916,0.000341373447907096
3917,0.3195130976867925
3918,0.2231827669710719
3919,0.9999836137426716
3920,0.9999846826079353
3921,0.9997771662668345
3922,0.9204279234840737
3923,9.089156344189504e-08
3924,7.056447712188343e-06
3925,0.9999678522285937
3926,1.3360334760082627e-26
3927,0.0006954229040041262
3928,0.8291955344717321
3929,0.9998086834010667
3930,0.016168261551010223
3931,0.0010361159013163462
3932,0.9990463158700218
3933,0.9682286628933502
3934,0.9062379890623601
3935,0.9999892695969201
3936,0.9897138320123953
3937,1.055388473478497e-05
3938,2.762362427836846e-10
3939,0.9998575160231012
3940,0.024136143867912917
3941,0.999822557229101
3942,0.0660521094419281
3943,0.9991276530975571
3944,0.016149101041711026
3945,0.00027656398618048386
3946,0.04079582771097595
3947,0.9997227061344324
3948,0.10526533817097258
3949,0.10740894080557664
3950,0.004284136389319866
3951,0.8625484615659857
3952,0.9999761127467321
3953,0.00010274177968455826
3954,0.9998882254765157
3955,0.6876567326178439
3956,0.9212301110161806
3957,9.436308487908309e-09
3958,0.9911345152877648
3959,3.591412696530639e-07
3960,0.00582938404551932
3961,0.28396995525070795
3962,0.06795790216456823
3963,0.9898582740266453
3964,0.2013111145071964
3965,0.9636411384261389
3966,0.07504499412886122
3967,0.9986645445734815
3968,0.532364738048753
3969,6.727018377427688e-06
3970,0.9324559087237683
3971,0.8914763354425508
3972,0.00014181661522979963
3973,0.9996605103754074
3974,0.9331055459656139
3975,0.00033672413733028766
3976,2.85239424996195e-07
3977,0.00029923015117584066
3978,0.0037718409735075517
3979,0.0002779368104635174
3980,0.0013450406696901538
3981,0.0002407320886522421
3982,0.24528293537532123
3983,0.23838739032559486
3984,0.9470898473763446
3985,0.00759601283168916
3986,0.9805907863124564
3987,0.9997355946278077
3988,0.988213780075607
3989,0.05334204541001168
3990,0.9944007998839884
3991,0.9995021082314688
3992,8.991939394358258e-10
3993,0.9924108010895394
3994,2.512436465933708e-05
3995,0.9999743389625251
3996,0.9999891806952335
3997,0.9822028316703285
3998,0.9961605427208746
3999,0.004644171478260894
4000,8.218316376560517e-05
4001,0.9834126663916588
4002,0.9840781500628598
4003,0.6202134800397341
4004,0.34646830821470376
4005,0.9998227316181663
4006,0.9999960844040805
4007,0.9999914462757544
4008,0.7376261686285646
4009,0.00028619899821009286
4010,0.9999583443620726
4011,0.0027820139318004006
4012,0.9999461243000942
4013,0.9899717057300766
4014,0.9717399497254733
4015,0.9999670567843264
4016,0.3621202869678465
4017,0.6753213864749564
4018,0.9999481592695433
4019,0.004691391364176631
4020,0.9971014806111865
4021,0.011454864545083834
4022,0.9999987930304018
4023,0.9975309202921543
4024,0.33930986885886205
4025,0.9999840518920659
4026,1.9029326141412423e-06
4027,1.306759271662608e-06
4028,0.9999696059315648
4029,0.03469296800608421
4030,0.9991878921898226
4031,0.9993600555754328
4032,0.6910958385344341
4033,0.999906783684844
4034,0.99999398471973
4035,0.7921547455309067
4036,0.9008354907197234
4037,0.9999660463671275
4038,0.0011941378305325462
4039,2.238342094527223e-05
4040,0.2582162638799249
4041,0.16237223654707422
4042,0.009880362368845331
4043,1.4483853178925218e-11
4044,0.030083893774077396
4045,0.0004545188405399995
4046,3.660357166010991e-21
4047,0.9441504804799616
4048,7.012719231995525e-06
4049,9.453228161458695e-12
4050,0.00012516410547278107
4051,0.9999575527845602
4052,0.8576363159034527
4053,0.9999831361451496
4054,0.00010006383354601911
4055,0.010827086960351248
4056,0.999864852718298
4057,0.9736735932678556
4058,0.9995758011412608
4059,0.163630069024538
4060,2.501485905261649e-08
4061,0.9998691602520117
4062,0.00029422566928040113
4063,0.004299327448614005
4064,0.9999616944751079
4065,0.8851505730655643
4066,7.417287769309413e-05
4067,0.9990862290406629
4068,0.9992481155904313
4069,0.9997045805984784
4070,0.9983590918801469
4071,0.9996506175763642
4072,0.9982493204887186
4073,0.8647072868737454
4074,0.9999332865975928
4075,0.0030829847224736018
4076,0.999897945072452
4077,0.9998466219581196
4078,0.6164253912672645
4079,0.9645559041761205
4080,0.9998896439864056
4081,0.9997497141273581
4082,5.478898686175664e-07
4083,0.5066734597980128
4084,0.9985763798614388
4085,2.518630729865721e-06
4086,0.00016587368790236677
4087,0.9999739061120639
4088,0.1071662598227388
4089,0.0005496390495927725
4090,0.7640341108619844
4091,5.928055028529106e-13
4092,0.9842301088274498
4093,0.9999999316762798
4094,0.0018977318008320024
4095,0.9991023191226112
4096,0.6780829421258014
4097,0.9988914248532683
4098,1.5312557837963205e-06
4099,4.060477894313823e-09
4100,5.339262815506771e-19
4101,0.0049857619579904
4102,0.0001461424500826052
4103,0.9985549156488047
4104,0.06975407024557131
4105,6.697905336177192e-10
4106,4.127264407446788e-19
4107,0.0011213716226724205
4108,0.999908920709864
4109,0.036206323278798414
4110,0.9967600667378238
4111,0.9889200746553488
4112,0.45364683645479803
4113,0.9998521431054432
4114,0.011584653315077343
4115,0.9954829377692576
4116,0.9321631586800193
4117,0.9995666295080835
4118,0.999990184914716
4119,0.8949549243741368
4120,6.554539197357037e-05
4121,0.9999201678451475
4122,0.5500898702306406
4123,0.9432075076519625
4124,0.2661572481627211
4125,0.9870890108016581
4126,0.8770241357540841
4127,0.0353881072514935
4128,0.7521153204844425
4129,0.9397449480911995
4130,0.00014429296805658527
4131,8.885507082002255e-10
4132,0.748630343116259
4133,0.03450971086916867
4134,0.04187872118588635
4135,0.9999969579530671
4136,0.6430224988785218
4137,2.8429951826070416e-12
4138,0.6873411367140824
4139,5.842583687601291e-09
4140,0.4101747957158579
4141,0.000831321073285361
4142,0.9999957309892191
4143,0.038066040097544565
4144,0.9999936801422916
4145,0.7674163291888951
4146,0.1182316546407979
4147,0.9990522933213875
4148,0.00043166694417736415
4149,0.07331414372037806
4150,0.6175477207592448
4151,0.8972711632083354
4152,0.9991415901719555
4153,0.9999989862320761
4154,0.938595429877498
4155,0.02395763218835685
4156,0.004121542367006551
4157,0.0006184399071813688
4158,0.00010445254199531565
4159,0.12976307435974474
4160,0.46642204390855774
4161,0.700200318474473
4162,0.00017408536899906962
4163,0.000632511403856888
4164,2.701205715664488e-09
4165,0.9999306336614043
4166,0.9999997068716664
4167,0.008582215979330838
4168,0.9997639549028666
4169,0.05327414814511497
4170,0.9792410679318633
4171,0.9999927488498225
4172,0.9579378226944568
4173,0.8294058896103598
4174,0.9822069638665811
4175,6.706320129202621e-05
4176,0.07906880391243337
4177,0.00035643482962471055
4178,0.021713955839566007
4179,1.1865481328133963e-08
4180,0.2189829004333505
4181,0.1831785869200497
4182,3.2958915429367975e-05
4183,0.2874757324995336
4184,0.9999917330985015
4185,0.9999999999999281
4186,0.9999999763376896
4187,1.342763636258817e-10
4188,0.9999199494648399
4189,1.804864853269213e-13
4190,2.5683025272173177e-06
4191,0.9998037675502184
4192,0.9438477849567259
4193,0.8681812192306819
4194,0.35889401315332525
4195,0.00047890430423002403
4196,0.0008835399352447334
4197,1.2212486079458867e-18
4198,0.001154094287375564
4199,0.0015334834988376062
4200,0.9997629117803561
4201,1.7184318761289036e-09
4202,0.00043076572187429553
4203,0.014743548168370358
4204,0.9996625797216677
4205,0.9999653516285563
4206,4.218654223836835e-06
4207,0.9999428075430765
4208,0.0018554339683019628
4209,0.9822403429143587
4210,0.5257985859007198
4211,0.09537080089738137
4212,0.0001929060418755173
4213,0.9700961505934893
4214,0.06005414396609151
4215,0.13926186509812544
4216,0.00031007512843881274
4217,0.9995010162896231
4218,1.1252642093922048e-05
4219,0.9921050210823065
4220,0.003312615497619101
4221,0.9982630371857505
4222,0.009305710267978013
4223,0.018254148560336133
4224,0.993691595925505
4225,0.8363334731908368
4226,0.8662177930129893
4227,0.8837135318894882
4228,0.9998057798190892
4229,2.382606554148131e-12
4230,0.9999684422541925
4231,0.9997439991725752
4232,0.9998154732958995
4233,4.771157343087361e-09
4234,0.00024656932838966364
4235,2.361446178058828e-05
4236,0.006410226281015893
4237,0.7908720370688379
4238,1.549949544592354e-05
4239,4.211646526613787e-06
4240,6.588015027656998e-10
4241,2.943228926748341e-18
4242,4.161025118323002e-06
4243,0.9999313991542987
4244,0.9996508207797582
4245,0.0004481470195202288
4246,0.4006466317062986
4247,0.9925224395765919
4248,0.9832720105681083
4249,0.009996756320882325
4250,0.17244386797370773
4251,0.9998139223666185
4252,0.9999894312892328
4253,0.9999577445125922
4254,2.154242305228616e-05
4255,0.0006532950603710091
4256,0.9999789157779465
4257,8.039167910321024e-07
4258,0.0016968634093458394
4259,3.3908368943881435e-05
4260,4.710397413719279e-05
4261,0.9449603162387339
4262,0.9999426177290562
4263,0.0003180144171591021
4264,0.0058749381039525485
4265,0.9603139456349745
4266,0.9992232341800134
4267,0.9607854426137775
4268,0.8789686438006897
4269,0.9966338813794635
4270,0.004080729195743872
4271,0.9998075438108313
4272,4.968112813966788e-07
4273,0.9964703799003938
4274,0.2954813224551208
4275,0.1793930762985287
4276,1.1602993993926762e-09
4277,0.9999735190979823
4278,0.006026181667173234
4279,0.9695045362146423
4280,0.00043615650663169
4281,9.549415281303516e-07
4282,0.9985612067655422
4283,0.9999972161762422
4284,0.01617742035884353
4285,0.9992801192521336
4286,0.9996263269792648
4287,0.82958060672925
4288,0.9184332612793151
4289,0.983617408190604
4290,0.046558231349762
4291,0.2548921599598961
4292,0.9818304789705441
4293,0.0010644007056730888
4294,0.9999774814943149
4295,0.0006218660704044407
4296,0.004541715860606892
4297,0.9431929718574416
4298,0.9999996341967833
4299,0.9999517909154698
4300,6.557436040453641e-06
4301,3.2108948316278146e-13
4302,0.001606904905661629
4303,0.9998584579616372
4304,0.9999905229904498
4305,0.48003560123641587
4306,0.996849860935227
4307,0.011278541241183465
4308,0.9999578124687947
4309,0.00046817222426684586
4310,0.9997760943234104
4311,0.9997760637443429
4312,0.0007977307094023578
4313,0.9771122270977834
4314,0.9997237117078105
4315,0.04960248546160366
4316,0.9901584840837356
4317,0.08633059230628914
4318,1.1842413641624822e-05
4319,0.9999243090432639
4320,0.4874372513317172
4321,0.2868691413605369
4322,0.9902616334574119
4323,0.000671271646647259
4324,2.4972833846375793e-08
4325,0.9985350334972943
4326,0.9999858573171995
4327,0.9633335982723922
4328,0.9979978145798777
4329,1.879090690621063e-08
4330,0.00034733776848206084
4331,0.9998833596818747
4332,0.99991190565367
4333,0.9807090930327571
4334,0.9949756119894497
4335,3.8131751552627098e-06
4336,0.9992870220333143
4337,0.9999579651555176
4338,0.9999999132595065
4339,0.2780271237376627
4340,0.0011294571224159796
4341,0.9999937646207306
4342,0.9999813025097527
4343,0.99642545951338
4344,0.4771557555843573
4345,0.9999780900936374
4346,0.005963917235311459
4347,0.9998210713363953
4348,0.0652279868521697
4349,6.377526505903893e-05
4350,0.9991333454573027
4351,9.673828741075405e-12
4352,0.9999963609077475
4353,0.9224669714033227
4354,0.9983092680337634
4355,0.29988288615997233
4356,8.856668567965341e-09
4357,0.7173031189468974
4358,0.9979658889104877
4359,2.539732675238023e-07
4360,0.9130330131721671
4361,0.9999791245732439
4362,0.999917063427168
4363,0.0003731773190125478
4364,0.9999787211670376
4365,0.006899567843320811
4366,0.9999523102148588
4367,1.824100788612666e-05
4368,0.6644462709265124
4369,1.4257233233734483e-22
4370,0.0038666073081256216
4371,0.792778465077162
4372,0.9717920840164285
4373,0.08318167050309092
4374,0.9773377678729465
4375,0.9389914409105927
4376,0.13405016132044215
4377,0.9411984549257978
4378,0.08032908276135535
4379,2.296420799696632e-05
4380,0.9870821104615733
4381,0.9887935251045054
4382,0.24369577504367892
4383,0.1840838707041279
4384,0.9597979013966861
4385,0.9830553118215775
4386,0.9945047336265481
4387,1.7830657457925507e-07
4388,0.9998686602936715
4389,0.00021655776639695
4390,0.012647448030186092
4391,2.992460494168425e-05
4392,0.931842071590048
4393,0.5014285485365096
4394,7.701157768318547e-14
4395,0.9999999355469124
4396,0.9999341104348783
4397,0.02878921674479962
4398,4.945472972369065e-07
4399,2.1990838786458563e-08
4400,0.9999122311354868
4401,7.088920233222113e-05
4402,0.999830818722233
4403,0.002564335885539794
4404,0.9715402751095337
4405,0.013491934009472524
4406,0.9980318891282925
4407,3.326027729189387e-07
4408,0.9998890588451922
4409,0.027504912123237926
4410,0.001508327308218301
4411,0.999981516701785
4412,0.4562381669170537
4413,0.012620161263025453
4414,0.5419980638450287
4415,0.7700225835757699
4416,1.1878683309084003e-08
4417,0.997927273009539
4418,0.0015050917763518368
4419,0.9998893108644219
4420,0.7433337622488986
4421,0.999915057278997
4422,8.217793391029298e-06
4423,0.9998417996835954
4424,0.0030598640371121894
4425,0.3613164759095747
4426,0.11364520757732335
4427,0.9999042442793006
4428,0.9966502162296648
4429,0.29553723393627407
4430,0.0003194794941905627
4431,0.9907061649166193
4432,0.5409709882886568
4433,0.005465690356931901
4434,0.0006520820048740336
4435,0.9999981300470315
4436,0.9991551047406099
4437,0.015274519553759495
4438,0.9999984921653351
4439,0.9921059830576902
4440,0.9997077434738852
4441,0.9994457569702215
4442,0.0005141471177762481
4443,0.0011313956641038478
4444,0.004279646301188515
4445,0.9964314107128094
4446,0.9822405373156121
4447,4.491996509881023e-18
4448,0.7647489692718311
4449,0.9998385497535849
4450,0.27006774469775213
4451,0.15957196733207193
4452,1.1499246662305335e-05
4453,0.14893920956972242
4454,4.5553409256254e-06
4455,0.28072061235817963
4456,1.1068905595000087e-06
4457,0.9999532184179722
4458,0.734993195685864
4459,0.9791157278993782
4460,6.87781017102443e-06
4461,0.03471560979941415
4462,0.9999595306748941
4463,7.63490637021309e-05
4464,0.008414431797388659
4465,0.9993361404542389
4466,0.9980819241884639
4467,0.9999390854605493
4468,0.1516191791618785
4469,9.092503455242002e-08
4470,0.9999236226046643
4471,0.011056644193560464
4472,0.999918658028867
4473,0.9999926023387997
4474,0.9994214296114786
4475,0.10247298510588267
4476,0.9308180390653803
4477,0.9982075978918896
4478,0.1765294510006871
4479,0.7405088511652371
4480,0.9999905608979899
4481,0.727971029688376
4482,0.21339663644191365
4483,3.376052866020809e-10
4484,0.9981351494485927
4485,0.9999294552863425
4486,0.9999355502018785
4487,7.374114691818609e-11
4488,3.593639333052126e-09
4489,0.9944078448892485
4490,0.9999865868437714
4491,0.11588840478670731
4492,0.9999955836522556
4493,0.6782654034451697
4494,0.9999976632536468
4495,0.7940209478099842
4496,0.9989117910412352
4497,0.9977438298911417
4498,0.9985888780064218
4499,0.040875966927536464
4500,0.9997930757254034
4501,0.9917053978915811
4502,4.303844779826496e-07
4503,0.105094078186359
4504,6.686264695644161e-14
4505,0.9999723613140625
4506,0.1346143701747003
4507,0.46936714181494843
4508,0.9996964865902941
4509,5.214773384178634e-05
4510,0.5027535081850137
4511,0.024626630204831263
4512,0.9527310910919368
4513,0.0007422051749861938
4514,0.003279790054011035
4515,4.919242801939098e-05
4516,2.341733261016582e-06
4517,0.6931328684122035
4518,0.9999983704578839
4519,0.9997080205932928
4520,0.9999994144546103
4521,0.99908613805832
4522,0.3364046066845877
4523,0.9909528112529263
4524,0.4869618729393394
4525,0.9937860734921042
4526,0.9995862181876134
4527,0.9281927306259575
4528,0.999995961211603
4529,0.013684011968855277
4530,0.0014031784606176288
4531,0.3752054465732087
4532,0.00018475494579991305
4533,0.9991722857578547
4534,0.6854582969041287
4535,0.9906689762650958
4536,0.22950611965731246
4537,0.00023461893047514352
4538,0.9998495442046074
4539,0.9992986888955727
4540,4.245250726157611e-05
4541,0.002759150457311639
4542,0.9999791082466721
4543,0.9996292539731273
4544,0.9999996750544112
4545,2.2251886360767128e-08
4546,0.0027658976599022355
4547,5.930502171747179e-05
4548,0.006469672981327131
4549,1.6596117553917578e-06
4550,0.4766229981538884
4551,0.0033418924039286917
4552,0.8716470806945306
4553,0.9941869154805458
4554,0.1613852274749035
4555,0.44205537339224815
4556,3.9606195760885233e-07
4557,0.0286445753676943
4558,0.987003816692211
4559,0.01850544478371591
4560,0.9984766439854772
4561,0.9998576833961761
4562,3.8915104327010954e-05
4563,0.9493780857028076
4564,0.9909761807976297
4565,6.056156281394158e-06
4566,0.9997995371215965
4567,0.07672569964567745
4568,0.47055205434795233
4569,0.013771964816121354
4570,0.999453348745869
4571,0.6625973575392742
4572,0.9856216246377494
4573,0.0019017194804371055
4574,0.9985316660217995
4575,0.9999246285050883
4576,0.9998669016599837
4577,1.4739634354528225e-05
4578,8.384082117078826e-06
4579,0.9959874499031097
4580,0.92576124161304
4581,0.24329056650617412
4582,0.4895235931136261
4583,6.670745114759745e-05
4584,0.9811956732086162
4585,0.018863454586305888
4586,0.9994871512655628
4587,0.9929551890431075
4588,0.0555302268092779
4589,1.171035495394519e-06
4590,8.574727555369818e-11
4591,0.9923319557184856
4592,0.00012125787613803377
4593,0.0005189033322093945
4594,0.9998786969649037
4595,0.9984440751762406
4596,0.298134923727554
4597,0.9997802131784921
4598,0.9981254329207182
4599,0.656341850262626
4600,5.655585735788602e-07
4601,0.8790974042843664
4602,0.9995418278514688
4603,0.3282280249159542
4604,0.00395753990860739
4605,1.7084588059536242e-06
4606,0.8803706511821483
4607,0.999632870393068
4608,0.014849439263449839
4609,0.033031028445033944
4610,0.9999889095475006
4611,0.9986437640044655
4612,0.6969133107930204
4613,0.9441876694207308
4614,0.999957361405463
4615,0.9986388991831573
4616,2.4125544044465997e-11
4617,0.35578798017282165
4618,0.000265600976360474
4619,0.9997942030023589
4620,0.9996084359083346
4621,0.999875117388834
4622,0.7008147611297545
4623,0.9999905312358982
4624,0.8009903248272214
4625,3.905022960110149e-15
4626,0.035133268011094364
4627,0.001652824204449103
4628,3.823739798370451e-18
4629,0.9884468027842366
4630,1.0802088116158272e-06
4631,2.907952032634832e-07
4632,0.9968398278255453
4633,0.9999737019397621
4634,0.44349606776508815
4635,0.9156555283442764
4636,0.9763211095054921
4637,0.9995619579133083
4638,3.223151531245062e-07
4639,1.8820664107027197e-12
4640,0.7780388006156423
4641,0.092973201991706
4642,0.9999145763849189
4643,1.5767485140396573e-06
4644,0.9995011345471142
4645,0.9999970678130534
4646,2.7216718475974694e-08
4647,0.007981001108274315
4648,0.9999656459533388
4649,0.9999999999991045
4650,0.013030440523487601
4651,0.9926940415250312
4652,0.9996978744990163
4653,8.719138322154562e-19
4654,2.25994903478341e-09
4655,0.9717434329246017
4656,0.9999487430494265
4657,0.5515638510095414
4658,0.9999755531849827
4659,0.011284004143767592
4660,0.999988315167763
4661,0.25785726278017435
4662,0.11348618634701581
4663,0.24998509208823866
4664,2.8419699555286063e-08
4665,0.8571136683869606
4666,0.0036488626361039526
4667,0.9999865140014136
4668,0.9999985120089655
4669,0.7337155404156974
4670,0.9905971725841397
4671,0.35462095452342757
4672,0.17627064202344522
4673,0.9996767527344903
4674,0.13094697378646636
4675,0.0005228674029388585
4676,0.9998594568591055
4677,5.36801089549215e-05
4678,0.9990332638367492
4679,0.07046652582586062
4680,4.032679550532767e-08
4681,0.9999283314657389
4682,7.711211219352871e-06
4683,0.9996777773438387
4684,1.087566906366016e-05
4685,0.7993005815914166
4686,2.0994766052645908e-05
4687,9.454908560994974e-05
4688,0.22633906244706836
4689,0.022685856785414266
4690,0.999805512860271
4691,5.186950780924931e-11
4692,0.01741272299215766
4693,0.9975159187486722
4694,0.00048055946753581435
4695,7.032358709867251e-08
4696,0.0009309428771828619
4697,0.9981116285660346
4698,0.1334477245028571
4699,2.587016689023092e-22
4700,1.356831364108357e-12
4701,0.9993934131708039
4702,0.9997714862446525
4703,0.9680875034546487
4704,0.9999980835962281
4705,0.9918464307035292
4706,0.612420875522965
4707,0.2715655981458392
4708,0.999922087334232
4709,0.9999401600001143
4710,0.9955759809137981
4711,0.9999949643928796
4712,0.005857891635690805
4713,0.9645454618760961
4714,0.7487990666553168
4715,0.01089728792514751
4716,0.9998728785364891
4717,2.1102209018901046e-05
4718,0.9897153733606714
4719,0.9999920543726843
4720,2.301317217299207e-06
4721,0.9919308788808444
4722,0.9543950841155678
4723,0.9993290418817855
4724,0.9904312838885199
4725,0.9946312802030546
4726,0.7853666239081242
4727,0.007809003441417121
4728,1.8702174727042034e-05
4729,0.0016786681523225037
4730,1.4951644762247268e-08
4731,0.0003544110349340263
4732,0.9999678670785086
4733,0.9586644298714663
4734,0.9998734810059035
4735,0.9994678816845625
4736,0.9993432364405881
4737,0.0012879928526310115
4738,0.9999739474962586
4739,0.0004493424621842407
4740,5.786120212747742e-07
4741,0.999996102444292
4742,0.9999683796696718
4743,1.8614432345549919e-06
4744,0.23215120910434286
4745,2.487155947260673e-05
4746,0.8982867292238834
4747,1.2884728550501895e-07
4748,0.05795217073635902
4749,0.004175676605532316
4750,0.9867095210084116
4751,0.9863218875636374
4752,0.9495922964065283
4753,0.0042525071249928225
4754,1.7101450142505528e-07
4755,0.9997929498042563
4756,0.08481664219120366
4757,0.9976429322715232
4758,0.00623096787490975
4759,0.9994558088657948
4760,0.4281376591107701
4761,0.00010569165260836209
4762,0.9998811218161859
4763,5.726832545954978e-05
4764,0.9981763116264445
4765,0.9999960662860498
4766,0.9997541652579179
4767,0.9969182253625014
4768,0.9997288238595193
4769,0.9989415423397315
4770,0.9440499335149523
4771,0.9911735941617996
4772,0.8745818625534924
4773,0.00015739980833266284
4774,0.741497418911065
4775,0.004884109475432832
4776,0.025878688892298923
4777,0.9962394631195516
4778,0.9795259681858198
4779,0.2056028341803213
4780,0.49822874536914236
4781,0.00015929602333384737
4782,0.9997186260660094
4783,0.38622719744130474
4784,0.9915867612539295
4785,0.7749660469487002
4786,0.9891464051541732
4787,0.0011293471355797906
4788,6.1176916421019e-07
4789,2.1787101865668183e-11
4790,0.9983974574537491
4791,0.00020786259128135868
4792,0.1436508464810142
4793,0.9999760304739946
4794,0.9999064332534563
4795,0.9999619644875045
4796,0.9988278625669982
4797,0.9999993813515143
4798,0.9996446794810281
4799,0.009768762623255932
4800,0.0008424078720253608
4801,0.9994903384382683
4802,0.9999798515053148
4803,0.6133394746796266
4804,0.9992237113705889
4805,0.9141153877695671
4806,0.998293956709791
4807,5.187365887267049e-05
4808,0.9999357855557282
4809,0.001930614021362419
4810,0.0007514290829614165
4811,0.08117869179584604
4812,0.9999832970425273
4813,0.9997766360251094
4814,0.037303332298664046
4815,0.02369406729966749
4816,0.21660279699910062
4817,0.011258019174337362
4818,0.8225239972075568
4819,1.845282349657642e-06
4820,0.7863842755976586
4821,0.9148022085025774
4822,0.7925477915356215
4823,0.6620214982126879
4824,0.9145113812037072
4825,0.9998765132259774
4826,0.0005974016303347178
4827,0.9992927741894116
4828,0.00018634666980425803
4829,0.999965284722866
4830,0.013362533739540262
4831,0.024216631263166966
4832,3.9017041125387717e-17
4833,0.9999393584999162
4834,0.9999081566900183
4835,0.9886300888697769
4836,0.9999999935926092
4837,0.99999311651657
4838,0.3092664736216819
4839,0.010903259353480861
4840,0.04036269408109083
4841,0.0066008739441117134
4842,0.9995459763717275
4843,0.9991863915351217
4844,0.9992379373021003
4845,0.9977007545749833
4846,2.501356423643664e-07
4847,8.935090373238563e-11
4848,0.00023688940747229462
4849,0.9132058679224285
4850,0.999965976014708
4851,0.9989064932672211
4852,0.02017711160930704
4853,0.99999945478103
4854,0.9999368734280941
4855,0.9999283828498591
4856,0.00011218036028825572
4857,5.398533784391864e-05
4858,0.9998479914094596
4859,0.7026522986374741
4860,0.9997620227837467
4861,0.9999204228395654
4862,0.9932390966301768
4863,0.9999848913107093
4864,7.34498447318467e-05
4865,0.9997059022580778
4866,0.005469949020764804
4867,0.6715940494755255
4868,0.7838726475989602
4869,0.9704811534267946
4870,0.9952325933740257
4871,1.8720941876914602e-07
4872,0.14599500067780885
4873,0.997605532774929
4874,0.9992999828456199
4875,0.5486169832667062
4876,2.393876835914306e-07
4877,0.9918731951069784
4878,2.3318542028836199e-07
4879,2.6969131872299966e-06
4880,0.9861647481175314
4881,0.9903709285504697
4882,0.9977872332270595
4883,0.9999278415277637
4884,0.782037376111168
4885,0.0003464151887499914
4886,7.258269427891221e-06
4887,0.8670634660645417
4888,0.9995222595793252
4889,0.8705616850216165
4890,0.1178767914532395
4891,0.21231317107778325
4892,0.9995847622868603
4893,0.0003630872591583851
4894,0.999879946292195
4895,0.9998962501856722
4896,0.9949122450117647
4897,7.934109832793577e-08
4898,0.8705858319431452
4899,5.1388255292454265e-06
4900,0.6508966106456652
4901,0.009396821810702812
4902,0.39108953087693193
4903,0.1332357609156488
4904,0.00027829477497624626
4905,0.030384884235374308
4906,2.2282216586154272e-05
4907,0.963238736243983
4908,0.9999908994748238
4909,0.002250877443843838
4910,0.6384650474702961
4911,0.9999999999990903
4912,0.9966650989512231
4913,0.0004197159731290651
4914,0.9999999999990188
4915,0.8957541115956396
4916,0.9699442850488776
4917,0.028254256277089163
4918,0.9999939142814003
4919,1.523290382624225e-05
4920,0.9999911123102321
4921,0.7002905823174083
4922,0.9991163600294337
4923,0.003525165406049241
4924,0.9065322335069805
4925,0.9443060370384857
4926,0.006765980128567531
4927,0.542173531990894
4928,0.005482340183169649
4929,2.462300107569586e-06
4930,0.9999875024267075
4931,0.005735015633217602
4932,0.04206611852052337
4933,0.0029979077886386624
4934,0.9987167971656054
4935,0.9473890369678293
4936,0.08322604170946099
4937,0.9996704841219921
4938,0.003923034724510318
4939,0.9957433451198234
4940,0.8242762138844447
4941,0.013767571987890082
4942,0.10569740010371752
4943,0.08805631990187475
4944,0.9998140486229603
4945,0.0036894520723890377
4946,0.9985166605487611
4947,0.9882276274231006
4948,0.9999725860054394
4949,0.5447135092970851
4950,0.9987572708355043
4951,0.9999999997296112
4952,0.9966299257184689
4953,0.008153850045761711
4954,0.738634313831392
4955,0.00025837897500909774
4956,0.46616971667755847
4957,0.9997796575588085
4958,0.023153984953911647
4959,0.9999718499895365
4960,0.9969636828295342
4961,0.999999534315334
4962,0.0004104062585378521
4963,0.7920859728707965
4964,0.6867155068329854
4965,2.6831844756313705e-08
4966,0.9986932922869246
4967,0.0006388862058597045
4968,3.180395965514063e-05
4969,4.004984224657571e-13
4970,7.458488696610336e-07
4971,0.12363809008656394
4972,0.993488344171087
4973,0.9999917837218542
4974,6.844558544033882e-08
4975,0.9997693404805867
4976,0.47177946531954174
4977,0.9977577901034247
4978,0.5125165887648909
4979,0.008517364880496352
4980,9.520842562547815e-05
4981,0.9264245022269447
4982,0.9725983362225281
4983,0.9989446931550283
4984,0.8675122970620706
4985,0.019624778836430525
4986,1.8700903224606554e-08
4987,0.9999714515871878
4988,0.028672764004895258
4989,0.35237430833809363
4990,9.048536812590698e-07
4991,0.00012143863918070534
4992,0.5669228684177557
4993,0.9966611163819407
4994,0.308155183161872
4995,0.9999694703820304
4996,0.012102712804510887
4997,0.005137492690086562
4998,0.1309957278056626
4999,4.870767739071963e-91
